1.0,4.0,3.75,3.333333333,2.5,4.0,2.75,3.388888889,11.0,190.0,4.0,7.0,0.0,0.0,5.0,1.0,0.0,0.0,1.0,1.0,4.0,25.0,0.0,0.0,1.0,1.0,16.0,323.0,24.0,89.80952501,1.0,1.0
2.0,2.0,2.25,2.0,2.5,2.333333333,1.0,2.013888889,24.0,180.0,0.0,5.0,10.0,0.0,3.0,0.0,0.0,0.0,0.0,0.0,4.0,20.0,0.0,1.0,0.0,1.0,21.0,407.0,36.0,89.95237947,1.0,1.0
3.0,4.0,3.0,4.0,3.5,3.666666667,2.75,3.486111111,12.0,170.0,5.0,0.0,0.0,0.0,3.0,1.0,0.0,0.0,1.0,1.0,6.0,36.0,0.0,0.0,1.0,0.0,12.0,305.0,19.0,75.0,1.0,1.0
4.0,3.75,3.75,3.666666667,3.5,3.666666667,3.25,3.597222222,28.0,170.0,15.0,9.0,0.0,0.0,5.0,1.0,0.0,0.0,1.0,1.0,4.0,31.0,0.0,0.0,1.0,0.0,14.0,246.0,35.0,81.14285469,1.0,1.0
5.0,4.0,4.0,4.0,4.0,4.0,3.75,3.958333333,49.0,170.0,0.0,0.0,4.0,0.0,10.0,0.0,2.0,2.0,1.0,1.0,6.0,40.0,0.0,0.0,1.0,0.0,13.0,269.0,36.0,87.68571615,1.0,1.0
6.0,3.25,3.0,4.0,3.166666667,3.0,2.75,3.1944444439999997,3.0,170.0,7.0,23.0,6.0,4.0,10.0,0.0,0.0,0.0,1.0,1.0,3.0,31.0,1.0,0.0,1.0,0.0,18.0,428.0,38.0,88.01904917,1.0,1.0
7.0,2.5,2.5,2.0,1.8333333330000001,2.333333333,2.25,2.236111111,3.0,170.0,18.0,3.0,0.0,0.0,4.0,1.0,2.0,2.0,1.0,1.0,3.0,38.0,0.0,0.0,1.0,1.0,11.0,330.0,22.0,94.20952201,2.0,1.0
8.0,3.75,3.75,4.0,3.5,4.0,3.25,3.708333333,8.0,170.0,18.0,11.0,0.0,0.0,8.0,1.0,2.0,2.0,1.0,1.0,3.0,31.0,0.0,0.0,1.0,1.0,6.0,358.0,17.0,94.80000138,2.0,1.0
9.0,3.25,3.75,2.666666667,3.166666667,3.333333333,2.0,3.027777778,14.0,170.0,13.0,13.0,0.0,0.0,3.0,1.0,7.0,3.0,1.0,1.0,7.0,44.0,0.0,0.0,1.0,1.0,10.0,287.0,19.0,95.60952187,2.0,1.0
10.0,4.0,4.0,4.0,4.0,4.0,3.5,3.916666667,42.0,162.0,21.0,21.0,5.0,0.0,5.0,0.0,0.0,0.0,1.0,1.0,3.0,30.0,0.0,0.0,1.0,0.0,18.0,585.0,49.0,89.75238204,1.0,1.0
11.0,3.75,4.0,4.0,4.0,4.0,3.0,3.791666667,3.0,160.0,6.0,13.0,0.0,0.0,5.0,1.0,0.0,0.0,1.0,1.0,5.0,28.0,0.0,0.0,1.0,0.0,14.0,360.0,27.0,76.85238123,1.0,1.0
12.0,3.5,4.0,4.0,4.0,4.0,3.5,3.833333333,28.0,160.0,7.0,14.0,0.0,0.0,2.0,1.0,2.0,2.0,1.0,1.0,1.0,47.0,0.0,0.0,0.0,0.0,37.0,980.0,63.0,82.20952153,1.0,1.0
13.0,3.25,3.5,3.666666667,3.833333333,4.0,2.5,3.458333333,16.0,160.0,22.0,6.0,7.0,6.0,4.0,1.0,0.0,0.0,1.0,1.0,3.0,24.0,0.0,0.0,1.0,0.0,17.0,393.0,24.0,87.75237799,1.0,1.0
14.0,3.0,3.25,3.666666667,2.833333333,3.333333333,2.5,3.097222222,11.0,160.0,36.0,10.0,0.0,15.0,4.0,1.0,2.0,2.0,1.0,1.0,3.0,31.0,0.0,0.0,1.0,1.0,12.0,373.0,20.0,88.40952516,1.0,1.0
15.0,4.0,4.0,4.0,4.0,4.0,3.25,3.875,19.0,160.0,8.0,6.0,0.0,0.0,14.0,0.0,0.0,0.0,1.0,1.0,4.0,29.0,1.0,0.0,0.0,1.0,13.0,286.0,38.0,89.60952163,1.0,1.0
16.0,2.75,3.75,3.666666667,3.833333333,3.333333333,2.0,3.222222222,25.0,160.0,0.0,13.0,7.0,0.0,6.0,0.0,0.0,0.0,1.0,1.0,5.0,23.0,0.0,0.0,0.0,1.0,18.0,406.0,27.0,94.26666498,2.0,1.0
17.0,4.0,4.0,3.333333333,2.5,4.0,1.5,3.222222222,8.0,160.0,0.0,0.0,0.0,0.0,7.0,1.0,0.0,0.0,1.0,1.0,3.0,23.0,0.0,1.0,0.0,1.0,6.0,306.0,15.0,95.06666659999999,2.0,1.0
18.0,1.0,1.75,1.6666666669999999,1.6666666669999999,2.0,1.0,1.513888889,4.0,160.0,24.0,6.0,7.0,0.0,4.0,0.0,7.0,6.0,1.0,1.0,4.0,36.0,0.0,0.0,1.0,1.0,13.0,294.0,20.0,95.68571448,2.0,1.0
19.0,3.5,3.5,3.333333333,2.833333333,3.333333333,1.5,3.0,33.0,160.0,8.0,9.0,0.0,0.0,6.0,1.0,0.0,0.0,1.0,1.0,5.0,37.0,0.0,0.0,1.0,0.0,23.0,350.0,46.0,96.20000124,2.0,1.0
20.0,2.25,2.75,3.666666667,3.166666667,3.0,1.25,2.680555556,18.0,160.0,4.0,16.0,0.0,0.0,10.0,1.0,3.0,2.0,1.0,1.0,5.0,34.0,0.0,0.0,1.0,1.0,21.0,325.0,43.0,96.54285908,2.0,1.0
21.0,3.75,3.75,4.0,3.166666667,3.666666667,2.25,3.4305555560000003,30.0,160.0,4.0,0.0,0.0,0.0,18.0,0.0,0.0,0.0,1.0,1.0,3.0,26.0,0.0,1.0,0.0,1.0,20.0,396.0,48.0,97.39999771,2.0,1.0
22.0,2.75,3.0,3.666666667,2.666666667,2.666666667,1.0,2.625,24.0,160.0,12.0,24.0,0.0,6.0,8.0,0.0,1.0,1.0,1.0,1.0,3.0,35.0,0.0,0.0,1.0,1.0,21.0,388.0,43.0,97.94285893,2.0,1.0
23.0,4.0,4.0,4.0,4.0,4.0,0.75,3.458333333,13.0,160.0,23.0,12.0,5.0,10.0,5.0,1.0,10.0,10.0,1.0,1.0,4.0,46.0,0.0,0.0,0.0,1.0,18.0,310.0,37.0,98.60000014,2.0,1.0
24.0,3.25,3.75,4.0,3.666666667,4.0,2.0,3.4444444439999997,19.0,160.0,4.0,4.0,0.0,0.0,8.0,1.0,0.0,0.0,1.0,1.0,2.0,25.0,0.0,1.0,0.0,1.0,16.0,335.0,35.0,100.0,2.0,1.0
25.0,2.0,1.75,3.0,2.333333333,3.0,3.25,2.555555556,9.0,160.0,0.0,12.0,0.0,0.0,10.0,1.0,0.0,0.0,1.0,1.0,3.0,23.0,0.0,1.0,0.0,1.0,4.0,270.0,17.0,100.0,2.0,1.0
26.0,3.5,3.75,4.0,3.666666667,4.0,1.75,3.4444444439999997,28.0,150.0,9.0,3.0,0.0,0.0,12.0,1.0,0.0,0.0,1.0,1.0,3.0,24.0,0.0,1.0,0.0,0.0,12.0,193.0,33.0,61.14285588,1.0,1.0
27.0,1.0,1.75,2.333333333,1.5,3.666666667,2.0,2.041666667,0.0,150.0,0.0,16.0,0.0,0.0,5.0,1.0,0.0,0.0,0.0,0.0,3.0,28.0,0.0,0.0,1.0,0.0,8.0,151.0,16.0,62.00000048,1.0,1.0
28.0,2.0,2.25,3.0,2.333333333,3.0,1.75,2.388888889,25.0,150.0,8.0,6.0,4.0,0.0,4.0,0.0,1.0,0.0,1.0,1.0,3.0,20.0,0.0,1.0,0.0,0.0,26.0,216.0,37.0,62.94285655,1.0,1.0
29.0,3.0,3.25,3.666666667,3.666666667,3.333333333,2.5,3.236111111,13.0,150.0,7.0,0.0,10.0,0.0,6.0,0.0,1.0,1.0,1.0,1.0,3.0,49.0,0.0,0.0,1.0,0.0,14.0,265.0,23.0,76.39999986,1.0,1.0
30.0,2.75,3.5,2.666666667,3.333333333,4.0,3.0,3.208333333,3.0,150.0,4.0,7.0,0.0,0.0,3.0,1.0,0.0,0.0,0.0,1.0,4.0,23.0,0.0,1.0,0.0,0.0,7.0,156.0,14.0,82.08571672,1.0,1.0
31.0,3.0,3.25,3.666666667,3.333333333,3.0,3.5,3.291666667,37.0,150.0,4.0,4.0,0.0,5.0,6.0,1.0,0.0,0.0,1.0,1.0,4.0,24.0,0.0,0.0,0.0,1.0,19.0,332.0,33.0,87.75237799,1.0,1.0
32.0,2.75,2.75,3.666666667,2.833333333,2.0,3.0,2.833333333,6.0,150.0,9.0,0.0,0.0,0.0,4.0,0.0,1.0,1.0,1.0,1.0,2.0,21.0,0.0,1.0,0.0,0.0,11.0,208.0,14.0,88.27618957,1.0,1.0
33.0,3.5,3.5,4.0,3.333333333,3.333333333,2.75,3.402777778,5.0,150.0,0.0,18.0,0.0,0.0,3.0,0.0,1.0,0.0,1.0,1.0,3.0,38.0,0.0,0.0,1.0,1.0,12.0,252.0,16.0,90.35238028,2.0,1.0
34.0,4.0,4.0,4.0,4.0,4.0,3.0,3.833333333,0.0,150.0,7.0,0.0,0.0,4.0,6.0,1.0,2.0,2.0,1.0,1.0,4.0,24.0,1.0,0.0,1.0,0.0,6.0,217.0,8.0,90.80952406,2.0,1.0
35.0,2.25,2.25,2.666666667,3.0,2.333333333,2.75,2.541666667,14.0,150.0,19.0,3.0,0.0,0.0,4.0,1.0,2.0,0.0,1.0,1.0,4.0,28.0,0.0,0.0,1.0,1.0,5.0,400.0,22.0,91.08571409999999,2.0,1.0
36.0,3.75,3.0,3.0,4.0,4.0,1.75,3.25,24.0,150.0,24.0,12.0,4.0,0.0,3.0,0.0,10.0,10.0,1.0,1.0,6.0,50.0,0.0,0.0,1.0,1.0,20.0,317.0,34.0,94.20952201,2.0,1.0
37.0,4.0,4.0,4.0,4.0,4.0,3.75,3.958333333,0.0,150.0,0.0,0.0,6.0,0.0,10.0,1.0,0.0,0.0,1.0,1.0,5.0,47.0,0.0,0.0,1.0,1.0,9.0,289.0,14.0,94.99999881,2.0,1.0
38.0,3.75,3.25,3.333333333,3.0,3.333333333,2.75,3.236111111,29.0,150.0,0.0,7.0,0.0,0.0,4.0,1.0,5.0,3.0,1.0,1.0,5.0,30.0,0.0,0.0,1.0,1.0,16.0,380.0,26.0,95.60952187,2.0,1.0
39.0,2.75,2.75,3.333333333,3.5,4.0,3.0,3.222222222,11.0,149.0,11.0,19.0,0.0,0.0,5.0,0.0,3.0,3.0,1.0,1.0,3.0,35.0,0.0,0.0,0.0,1.0,9.0,352.0,21.0,100.0,2.0,1.0
40.0,3.25,3.25,2.666666667,2.666666667,3.0,1.75,2.763888889,9.0,145.0,28.0,19.0,0.0,0.0,5.0,1.0,2.0,1.0,1.0,1.0,5.0,36.0,0.0,0.0,0.0,0.0,17.0,269.0,30.0,77.20000148,1.0,1.0
41.0,3.0,2.5,2.666666667,2.833333333,3.333333333,2.0,2.722222222,22.0,145.0,17.0,0.0,0.0,0.0,3.0,0.0,1.0,1.0,1.0,0.0,3.0,52.0,0.0,0.0,1.0,0.0,8.0,426.0,19.0,82.40952492,1.0,1.0
42.0,3.5,3.0,3.666666667,3.666666667,4.0,3.75,3.597222222,7.0,145.0,14.0,21.0,0.0,0.0,5.0,1.0,0.0,0.0,1.0,1.0,3.0,25.0,0.0,1.0,0.0,1.0,16.0,219.0,20.0,87.75237799,1.0,1.0
43.0,4.0,4.0,4.0,4.0,4.0,3.0,3.833333333,3.0,145.0,20.0,0.0,0.0,4.0,5.0,1.0,0.0,0.0,1.0,1.0,2.0,30.0,0.0,1.0,0.0,1.0,14.0,410.0,23.0,88.40952516,1.0,1.0
44.0,3.0,3.25,3.333333333,3.333333333,4.0,2.25,3.1944444439999997,12.0,145.0,15.0,11.0,0.0,0.0,4.0,1.0,3.0,1.0,1.0,1.0,5.0,31.0,0.0,1.0,0.0,1.0,16.0,311.0,41.0,89.60952163,1.0,1.0
45.0,2.75,3.0,3.0,2.166666667,3.666666667,2.0,2.763888889,25.0,145.0,8.0,0.0,0.0,0.0,10.0,0.0,1.0,1.0,1.0,1.0,4.0,31.0,0.0,0.0,0.0,1.0,12.0,279.0,26.0,89.75238204,1.0,1.0
46.0,4.0,4.0,4.0,4.0,4.0,3.0,3.833333333,14.0,145.0,16.0,0.0,9.0,0.0,7.0,1.0,0.0,0.0,1.0,1.0,5.0,29.0,0.0,0.0,1.0,1.0,17.0,439.0,31.0,94.26666498,2.0,1.0
47.0,3.5,3.0,4.0,2.666666667,3.0,2.75,3.152777778,22.0,145.0,41.0,3.0,0.0,0.0,4.0,0.0,0.0,0.0,1.0,1.0,3.0,38.0,0.0,0.0,1.0,1.0,27.0,506.0,49.0,95.08571625,2.0,1.0
48.0,3.75,3.0,3.333333333,2.833333333,2.333333333,1.5,2.791666667,3.0,145.0,4.0,0.0,0.0,0.0,4.0,0.0,1.0,0.0,1.0,1.0,3.0,19.0,0.0,1.0,0.0,1.0,11.0,229.0,23.0,95.68571448,2.0,1.0
49.0,2.5,3.5,4.0,3.333333333,4.0,1.75,3.1805555560000003,26.0,140.0,6.0,14.0,5.0,0.0,5.0,0.0,0.0,0.0,1.0,1.0,5.0,27.0,0.0,1.0,0.0,1.0,19.0,529.0,40.0,95.94285488,2.0,1.0
50.0,2.75,3.0,3.333333333,3.5,3.333333333,3.0,3.152777778,32.0,140.0,17.0,6.0,6.0,0.0,5.0,0.0,0.0,0.0,1.0,1.0,4.0,34.0,1.0,0.0,0.0,1.0,25.0,537.0,65.0,96.20000124,2.0,1.0
51.0,3.0,3.0,3.0,3.166666667,3.0,3.25,3.0694444439999997,13.0,140.0,0.0,5.0,11.0,0.0,5.0,1.0,0.0,0.0,1.0,1.0,6.0,46.0,0.0,0.0,1.0,1.0,9.0,288.0,25.0,96.34285569,2.0,1.0
52.0,4.0,4.0,4.0,3.666666667,4.0,1.5,3.527777778,25.0,140.0,0.0,22.0,0.0,0.0,10.0,1.0,0.0,0.0,1.0,1.0,2.0,21.0,0.0,1.0,0.0,1.0,15.0,325.0,44.0,96.54285908,2.0,1.0
53.0,2.25,2.5,4.0,2.833333333,2.666666667,3.0,2.875,44.0,140.0,10.0,10.0,0.0,0.0,6.0,1.0,1.0,1.0,1.0,1.0,3.0,39.0,0.0,0.0,0.0,1.0,20.0,494.0,57.0,96.79999948,2.0,1.0
54.0,3.25,3.0,2.0,2.5,1.6666666669999999,3.75,2.6944444439999997,15.0,140.0,21.0,11.0,0.0,0.0,3.0,1.0,0.0,0.0,1.0,1.0,4.0,20.0,1.0,1.0,0.0,0.0,15.0,257.0,38.0,97.20000029,2.0,1.0
55.0,2.75,2.75,3.333333333,2.833333333,3.0,1.0,2.611111111,33.0,140.0,14.0,0.0,0.0,0.0,8.0,0.0,3.0,3.0,1.0,1.0,4.0,50.0,0.0,0.0,1.0,1.0,15.0,289.0,24.0,97.74285555,2.0,1.0
56.0,2.75,2.75,3.333333333,3.0,3.333333333,3.25,3.0694444439999997,0.0,140.0,5.0,8.0,0.0,0.0,6.0,0.0,1.0,1.0,1.0,1.0,2.0,22.0,0.0,1.0,0.0,1.0,8.0,302.0,12.0,97.94285893,2.0,1.0
57.0,3.5,3.75,3.666666667,2.5,4.0,2.75,3.361111111,8.0,140.0,0.0,18.0,0.0,0.0,20.0,0.0,3.0,3.0,1.0,1.0,1.0,44.0,0.0,0.0,0.0,0.0,6.0,296.0,20.0,98.00000191,2.0,1.0
58.0,2.5,2.5,2.0,2.666666667,3.0,1.5,2.361111111,32.0,140.0,13.0,3.0,0.0,0.0,2.0,1.0,4.0,3.0,1.0,0.0,3.0,42.0,0.0,0.0,1.0,1.0,19.0,351.0,31.0,98.28571677,2.0,1.0
59.0,2.75,2.75,3.333333333,2.833333333,3.333333333,2.5,2.916666667,3.0,140.0,13.0,15.0,0.0,0.0,5.0,1.0,50.0,40.0,1.0,1.0,3.0,53.0,0.0,0.0,0.0,1.0,31.0,283.0,73.0,99.14285541,2.0,1.0
60.0,2.75,3.75,4.0,3.833333333,4.0,2.75,3.513888889,9.0,140.0,6.0,0.0,0.0,0.0,3.0,1.0,0.0,0.0,1.0,1.0,4.0,36.0,0.0,0.0,1.0,0.0,8.0,165.0,13.0,100.0,2.0,1.0
61.0,3.5,3.75,4.0,3.666666667,4.0,3.5,3.736111111,59.0,140.0,0.0,3.0,4.0,0.0,4.0,1.0,1.0,1.0,1.0,1.0,3.0,42.0,0.0,0.0,1.0,1.0,21.0,291.0,39.0,100.0,2.0,1.0
62.0,3.75,3.25,2.666666667,2.833333333,3.333333333,1.75,2.9305555560000003,7.0,140.0,53.0,0.0,0.0,0.0,8.0,1.0,0.0,0.0,1.0,1.0,2.0,16.0,0.0,1.0,0.0,1.0,12.0,324.0,24.0,100.0,2.0,1.0
63.0,2.25,2.75,3.666666667,3.5,2.666666667,3.0,2.972222222,28.0,137.0,4.0,16.0,0.0,0.0,2.0,0.0,0.0,0.0,1.0,0.0,5.0,37.0,1.0,0.0,1.0,0.0,17.0,331.0,61.0,60.50000191,1.0,1.0
64.0,2.5,2.75,3.333333333,2.5,2.666666667,0.75,2.416666667,0.0,130.0,0.0,0.0,0.0,0.0,6.0,0.0,0.0,0.0,1.0,1.0,3.0,20.0,0.0,1.0,0.0,0.0,3.0,10.0,6.0,4.500000179,0.0,0.0
65.0,1.75,1.25,3.0,1.6666666669999999,2.666666667,3.25,2.263888889,18.0,130.0,8.0,0.0,0.0,0.0,3.0,1.0,5.0,3.0,1.0,1.0,3.0,46.0,0.0,0.0,1.0,1.0,10.0,282.0,24.0,95.88571191,2.0,1.0
66.0,3.5,3.5,2.333333333,2.333333333,2.333333333,3.0,2.833333333,17.0,130.0,9.0,0.0,6.0,10.0,2.0,1.0,4.0,3.0,1.0,1.0,4.0,24.0,0.0,1.0,0.0,1.0,22.0,476.0,39.0,96.34285569,2.0,1.0
67.0,4.0,3.25,3.666666667,3.5,3.333333333,3.0,3.458333333,15.0,130.0,10.0,10.0,0.0,0.0,6.0,0.0,2.0,2.0,1.0,1.0,3.0,23.0,0.0,1.0,0.0,1.0,19.0,326.0,33.0,96.74285649999999,2.0,1.0
68.0,3.75,3.25,3.0,3.0,3.0,2.75,3.125,36.0,130.0,10.0,20.0,6.0,16.0,3.0,1.0,1.0,1.0,1.0,1.0,3.0,26.0,0.0,0.0,1.0,1.0,29.0,664.0,68.0,97.66666889,2.0,1.0
69.0,3.75,3.5,4.0,3.333333333,4.0,2.25,3.472222222,23.0,130.0,13.0,9.0,0.0,0.0,8.0,0.0,3.0,3.0,1.0,1.0,3.0,23.0,0.0,0.0,0.0,1.0,12.0,268.0,36.0,97.94285893,2.0,1.0
70.0,2.75,2.75,4.0,3.0,2.666666667,2.25,2.902777778,35.0,130.0,30.0,3.0,19.0,5.0,6.0,1.0,1.0,1.0,1.0,1.0,3.0,42.0,0.0,0.0,1.0,1.0,23.0,325.0,44.0,99.14285541,2.0,1.0
71.0,3.25,3.0,4.0,3.333333333,3.666666667,0.75,3.0,14.0,130.0,16.0,6.0,6.0,0.0,2.0,1.0,10.0,5.0,1.0,1.0,6.0,61.0,0.0,0.0,0.0,1.0,13.0,283.0,22.0,100.0,2.0,1.0
72.0,3.75,4.0,4.0,3.333333333,4.0,2.25,3.5555555560000003,12.0,124.0,6.0,6.0,0.0,8.0,4.0,1.0,1.0,1.0,1.0,1.0,4.0,25.0,0.0,0.0,0.0,0.0,10.0,236.0,21.0,74.59999919,1.0,1.0
73.0,3.0,2.75,3.333333333,2.666666667,3.333333333,2.5,2.9305555560000003,13.0,124.0,4.0,21.0,0.0,0.0,5.0,0.0,1.0,1.0,1.0,0.0,4.0,20.0,1.0,1.0,0.0,0.0,18.0,245.0,52.0,81.14285469,1.0,1.0
74.0,3.75,3.75,4.0,4.0,4.0,2.25,3.625,14.0,124.0,8.0,0.0,9.0,0.0,4.0,0.0,1.0,1.0,1.0,1.0,4.0,46.0,0.0,0.0,1.0,1.0,22.0,447.0,50.0,87.55238056,1.0,1.0
75.0,2.75,2.75,3.333333333,3.0,3.0,2.0,2.8055555560000003,0.0,124.0,0.0,25.0,0.0,0.0,4.0,1.0,4.0,2.0,1.0,1.0,5.0,20.0,0.0,0.0,0.0,1.0,12.0,190.0,15.0,94.14285421,2.0,1.0
76.0,2.75,3.5,2.333333333,3.166666667,3.666666667,3.5,3.152777778,36.0,124.0,8.0,0.0,0.0,0.0,7.0,1.0,1.0,1.0,1.0,1.0,5.0,28.0,0.0,1.0,0.0,1.0,15.0,308.0,31.0,94.80000138,2.0,1.0
77.0,3.0,3.0,3.0,3.0,3.0,2.5,2.916666667,29.0,124.0,31.0,3.0,0.0,0.0,10.0,0.0,5.0,5.0,1.0,1.0,5.0,32.0,0.0,1.0,0.0,0.0,20.0,306.0,63.0,95.58571577,2.0,1.0
78.0,3.0,3.25,2.666666667,3.0,3.666666667,2.5,3.013888889,8.0,123.0,10.0,3.0,4.0,0.0,5.0,1.0,0.0,0.0,1.0,1.0,4.0,20.0,0.0,1.0,0.0,0.0,12.0,244.0,27.0,74.28571582,1.0,1.0
79.0,1.75,2.0,1.6666666669999999,2.666666667,2.333333333,1.75,2.027777778,17.0,123.0,24.0,6.0,5.0,0.0,2.0,0.0,1.0,1.0,1.0,1.0,4.0,20.0,0.0,1.0,0.0,0.0,12.0,208.0,36.0,81.00000024,1.0,1.0
80.0,4.0,4.0,4.0,4.0,4.0,3.0,3.833333333,58.0,123.0,5.0,12.0,4.0,15.0,4.0,0.0,3.0,1.0,1.0,1.0,3.0,64.0,0.0,0.0,1.0,1.0,16.0,971.0,69.0,87.55238056,1.0,1.0
81.0,2.75,1.5,2.0,1.8333333330000001,3.0,3.0,2.347222222,26.0,123.0,23.0,10.0,0.0,0.0,4.0,1.0,0.0,0.0,1.0,1.0,5.0,32.0,0.0,0.0,1.0,1.0,20.0,326.0,43.0,94.14285421,2.0,1.0
82.0,2.5,2.25,3.0,3.333333333,4.0,3.0,3.013888889,9.0,123.0,10.0,0.0,0.0,0.0,4.0,0.0,0.0,0.0,1.0,1.0,2.0,37.0,0.0,0.0,1.0,1.0,11.0,346.0,32.0,94.54285502,2.0,1.0
83.0,3.5,3.5,4.0,4.0,4.0,1.5,3.416666667,27.0,123.0,0.0,0.0,6.0,0.0,5.0,1.0,1.0,0.0,1.0,1.0,6.0,43.0,0.0,0.0,1.0,0.0,14.0,312.0,43.0,95.40952444,2.0,1.0
84.0,2.5,3.0,3.0,2.833333333,3.0,2.5,2.8055555560000003,17.0,122.0,5.0,3.0,0.0,0.0,4.0,0.0,3.0,2.0,1.0,1.0,6.0,53.0,0.0,0.0,1.0,0.0,11.0,219.0,16.0,74.28571582,1.0,1.0
85.0,4.0,3.75,4.0,4.0,4.0,3.0,3.791666667,4.0,122.0,17.0,0.0,0.0,0.0,2.0,1.0,1.0,1.0,1.0,1.0,2.0,19.0,0.0,1.0,0.0,0.0,10.0,234.0,13.0,80.86666465,1.0,1.0
86.0,3.25,4.0,3.333333333,2.666666667,3.333333333,2.0,3.097222222,0.0,122.0,0.0,0.0,0.0,0.0,8.0,1.0,0.0,0.0,1.0,1.0,3.0,50.0,0.0,0.0,1.0,0.0,12.0,221.0,15.0,86.31904721,1.0,1.0
87.0,2.5,2.0,2.666666667,2.5,2.666666667,2.25,2.430555556,20.0,122.0,9.0,3.0,0.0,0.0,4.0,1.0,0.0,0.0,1.0,1.0,6.0,32.0,0.0,0.0,1.0,1.0,10.0,237.0,32.0,94.14285421,2.0,1.0
88.0,1.5,2.0,3.0,2.833333333,3.0,2.5,2.472222222,22.0,122.0,4.0,7.0,0.0,5.0,5.0,1.0,7.0,4.0,1.0,1.0,5.0,42.0,0.0,0.0,1.0,0.0,16.0,247.0,22.0,94.54285502,2.0,1.0
89.0,3.25,3.5,3.333333333,3.666666667,4.0,4.0,3.625,16.0,122.0,29.0,8.0,0.0,4.0,8.0,1.0,0.0,0.0,1.0,1.0,5.0,56.0,0.0,0.0,0.0,1.0,18.0,383.0,36.0,95.40952444,2.0,1.0
90.0,0.5,2.0,4.0,4.0,4.0,4.0,3.083333333,22.0,121.0,23.0,9.0,0.0,0.0,4.0,1.0,3.0,2.0,1.0,1.0,5.0,33.0,0.0,0.0,1.0,0.0,17.0,289.0,34.0,73.60000014,1.0,1.0
91.0,3.75,3.75,4.0,3.5,4.0,3.75,3.791666667,8.0,121.0,8.0,9.0,0.0,0.0,2.0,0.0,0.0,0.0,1.0,1.0,3.0,46.0,0.0,0.0,0.0,0.0,13.0,337.0,22.0,80.68571687,1.0,1.0
92.0,3.75,4.0,4.0,3.0,3.666666667,2.25,3.4444444439999997,52.0,121.0,14.0,9.0,5.0,6.0,5.0,1.0,1.0,1.0,1.0,1.0,3.0,18.0,0.0,1.0,0.0,0.0,20.0,634.0,83.0,86.28571629999999,1.0,1.0
93.0,3.0,3.0,2.0,2.333333333,2.0,2.5,2.472222222,33.0,121.0,16.0,14.0,0.0,7.0,2.0,0.0,5.0,5.0,1.0,1.0,6.0,42.0,0.0,0.0,1.0,1.0,15.0,463.0,25.0,94.14285421,2.0,1.0
94.0,3.0,2.75,3.0,2.666666667,3.0,2.5,2.8194444439999997,17.0,121.0,37.0,18.0,0.0,0.0,8.0,1.0,4.0,4.0,1.0,1.0,5.0,43.0,0.0,0.0,1.0,1.0,18.0,370.0,35.0,94.28571463,2.0,1.0
95.0,4.0,4.0,3.333333333,3.166666667,4.0,1.0,3.25,11.0,121.0,22.0,6.0,0.0,0.0,1.0,1.0,2.0,0.0,1.0,1.0,4.0,16.0,0.0,1.0,0.0,1.0,16.0,292.0,28.0,95.34285665,2.0,1.0
96.0,1.5,3.0,2.666666667,2.5,3.333333333,1.5,2.416666667,0.0,120.0,5.0,0.0,0.0,0.0,4.0,0.0,5.0,3.0,1.0,1.0,4.0,31.0,0.0,0.0,1.0,0.0,4.0,15.0,4.0,5.9999998660000005,0.0,0.0
97.0,2.5,3.0,3.0,2.5,3.0,3.0,2.833333333,7.0,120.0,23.0,4.0,0.0,0.0,8.0,1.0,0.0,0.0,1.0,1.0,3.0,20.0,0.0,1.0,0.0,0.0,13.0,210.0,17.0,60.04285812,1.0,1.0
98.0,4.0,4.0,4.0,4.0,4.0,3.0,3.833333333,18.0,120.0,4.0,7.0,0.0,0.0,5.0,1.0,0.0,0.0,1.0,1.0,5.0,34.0,0.0,0.0,1.0,0.0,16.0,216.0,40.0,64.54285979,1.0,1.0
99.0,2.5,3.0,3.0,2.333333333,3.0,2.75,2.763888889,19.0,120.0,26.0,3.0,0.0,0.0,7.0,1.0,0.0,0.0,1.0,1.0,3.0,39.0,0.0,1.0,0.0,0.0,12.0,229.0,30.0,66.18571281,1.0,1.0
100.0,3.0,3.25,3.333333333,2.5,3.333333333,2.0,2.902777778,25.0,120.0,10.0,9.0,0.0,0.0,3.0,1.0,2.0,1.0,1.0,1.0,5.0,27.0,0.0,0.0,1.0,0.0,19.0,265.0,44.0,67.74285436,1.0,1.0
101.0,2.0,1.75,3.0,2.333333333,3.333333333,2.0,2.402777778,12.0,120.0,0.0,4.0,0.0,0.0,3.0,1.0,6.0,5.0,1.0,1.0,5.0,48.0,0.0,0.0,1.0,0.0,3.0,131.0,10.0,70.14285922,1.0,1.0
102.0,0.75,2.5,2.333333333,2.166666667,2.0,1.25,1.8333333330000001,0.0,120.0,4.0,3.0,0.0,0.0,4.0,1.0,5.0,5.0,0.0,0.0,4.0,56.0,0.0,0.0,1.0,0.0,10.0,261.0,11.0,70.34285665,1.0,1.0
103.0,2.25,2.5,3.0,2.5,3.0,1.75,2.5,3.0,120.0,21.0,0.0,0.0,0.0,4.0,1.0,8.0,5.0,1.0,1.0,3.0,52.0,0.0,0.0,1.0,0.0,4.0,114.0,8.0,70.80000043,1.0,1.0
104.0,4.0,3.25,4.0,3.666666667,4.0,2.75,3.611111111,5.0,120.0,6.0,0.0,0.0,0.0,4.0,0.0,0.0,0.0,1.0,1.0,5.0,33.0,0.0,1.0,0.0,0.0,6.0,194.0,9.0,71.03809714,1.0,1.0
105.0,3.0,3.5,4.0,3.833333333,4.0,3.5,3.638888889,13.0,120.0,6.0,6.0,5.0,7.0,9.0,1.0,3.0,0.0,1.0,1.0,4.0,35.0,1.0,0.0,0.0,0.0,9.0,243.0,19.0,72.39999771,1.0,1.0
106.0,3.5,3.25,4.0,4.0,4.0,2.75,3.583333333,9.0,120.0,0.0,0.0,0.0,0.0,2.0,1.0,3.0,3.0,1.0,1.0,4.0,50.0,1.0,0.0,1.0,0.0,4.0,181.0,4.0,72.60952592,1.0,1.0
107.0,3.0,3.0,3.666666667,3.0,4.0,2.5,3.1944444439999997,3.0,120.0,0.0,3.0,0.0,0.0,2.0,1.0,0.0,0.0,0.0,0.0,3.0,31.0,0.0,0.0,0.0,0.0,8.0,198.0,14.0,72.74285555,1.0,1.0
108.0,3.0,3.0,3.666666667,3.333333333,3.666666667,3.75,3.402777778,23.0,120.0,17.0,9.0,0.0,0.0,4.0,1.0,1.0,1.0,1.0,1.0,3.0,20.0,1.0,1.0,0.0,0.0,18.0,203.0,28.0,72.74285555,1.0,1.0
109.0,3.75,3.25,4.0,4.0,4.0,3.5,3.75,15.0,120.0,43.0,6.0,0.0,0.0,10.0,1.0,0.0,0.0,1.0,1.0,3.0,45.0,0.0,0.0,0.0,0.0,14.0,482.0,27.0,72.74285555,1.0,1.0
110.0,2.25,2.75,4.0,4.0,4.0,1.75,3.125,9.0,120.0,4.0,6.0,0.0,10.0,20.0,1.0,0.0,0.0,1.0,1.0,3.0,33.0,0.0,0.0,1.0,0.0,11.0,232.0,24.0,73.50000143,1.0,1.0
111.0,3.75,3.5,3.666666667,3.333333333,3.666666667,2.0,3.3194444439999997,45.0,120.0,13.0,3.0,6.0,0.0,7.0,0.0,3.0,3.0,1.0,1.0,2.0,40.0,0.0,0.0,1.0,0.0,18.0,409.0,39.0,80.34285903,1.0,1.0
112.0,3.25,3.75,4.0,3.833333333,4.0,2.0,3.472222222,28.0,120.0,0.0,9.0,11.0,0.0,6.0,0.0,0.0,0.0,1.0,1.0,3.0,68.0,0.0,0.0,0.0,0.0,12.0,248.0,29.0,85.79999804,1.0,1.0
113.0,2.5,1.75,2.333333333,2.166666667,2.666666667,2.25,2.277777778,23.0,120.0,7.0,9.0,0.0,0.0,7.0,0.0,0.0,0.0,1.0,1.0,5.0,34.0,0.0,0.0,1.0,1.0,23.0,376.0,66.0,91.60952568,2.0,1.0
114.0,3.0,2.5,3.0,2.833333333,2.666666667,2.5,2.75,10.0,120.0,8.0,0.0,0.0,0.0,4.0,1.0,0.0,0.0,1.0,1.0,3.0,21.0,0.0,1.0,0.0,1.0,9.0,266.0,21.0,92.14285612,2.0,1.0
115.0,3.0,2.75,2.333333333,2.833333333,3.0,2.25,2.6944444439999997,6.0,120.0,29.0,6.0,0.0,0.0,6.0,1.0,1.0,0.0,1.0,1.0,4.0,26.0,0.0,0.0,1.0,1.0,19.0,301.0,43.0,92.15238094,2.0,1.0
116.0,3.0,3.0,3.333333333,2.833333333,3.666666667,3.25,3.1805555560000003,19.0,120.0,18.0,10.0,5.0,0.0,2.0,0.0,2.0,1.0,1.0,1.0,3.0,31.0,0.0,0.0,1.0,1.0,21.0,386.0,30.0,92.20952392,2.0,1.0
117.0,3.75,4.0,4.0,4.0,4.0,3.5,3.875,35.0,120.0,9.0,6.0,0.0,0.0,3.0,1.0,0.0,0.0,1.0,1.0,3.0,27.0,0.0,0.0,1.0,1.0,20.0,471.0,44.0,92.48571396,2.0,1.0
118.0,4.0,4.0,3.0,4.0,4.0,2.5,3.583333333,9.0,120.0,6.0,3.0,0.0,0.0,1.0,1.0,0.0,0.0,1.0,1.0,3.0,41.0,0.0,0.0,0.0,0.0,13.0,227.0,26.0,92.79999733,2.0,1.0
119.0,1.5,3.25,2.666666667,2.833333333,3.666666667,3.25,2.861111111,3.0,120.0,6.0,22.0,0.0,0.0,4.0,1.0,0.0,0.0,0.0,0.0,3.0,22.0,0.0,1.0,0.0,1.0,9.0,245.0,15.0,92.79999733,2.0,1.0
120.0,2.75,4.0,3.666666667,3.5,4.0,1.5,3.236111111,17.0,120.0,16.0,6.0,0.0,0.0,2.0,1.0,0.0,0.0,1.0,1.0,4.0,51.0,0.0,0.0,0.0,0.0,13.0,244.0,22.0,93.00952554,2.0,1.0
121.0,3.25,3.25,4.0,3.666666667,4.0,3.75,3.652777778,8.0,120.0,43.0,7.0,0.0,0.0,4.0,1.0,0.0,0.0,0.0,1.0,5.0,49.0,0.0,0.0,0.0,1.0,14.0,452.0,19.0,93.08571219,2.0,1.0
122.0,0.75,1.25,2.0,3.0,3.666666667,3.5,2.361111111,21.0,120.0,9.0,3.0,0.0,0.0,4.0,1.0,0.0,0.0,0.0,0.0,6.0,53.0,0.0,0.0,1.0,1.0,16.0,272.0,37.0,93.28571558,2.0,1.0
123.0,2.75,2.75,2.333333333,2.833333333,3.333333333,3.0,2.833333333,29.0,120.0,41.0,6.0,5.0,0.0,8.0,1.0,0.0,0.0,1.0,1.0,5.0,28.0,0.0,0.0,0.0,1.0,12.0,252.0,30.0,93.48571301,2.0,1.0
124.0,2.25,2.25,2.333333333,2.5,2.333333333,3.25,2.486111111,27.0,120.0,6.0,9.0,0.0,0.0,8.0,1.0,0.0,0.0,1.0,1.0,3.0,19.0,0.0,1.0,0.0,0.0,16.0,334.0,35.0,93.59999895,2.0,1.0
125.0,3.0,3.0,3.0,2.333333333,3.0,2.75,2.847222222,18.0,120.0,12.0,6.0,5.0,4.0,4.0,1.0,0.0,0.0,1.0,1.0,2.0,38.0,0.0,0.0,1.0,1.0,19.0,267.0,35.0,93.94285679,2.0,1.0
126.0,2.75,2.5,2.333333333,2.5,2.333333333,1.5,2.319444444,23.0,120.0,25.0,5.0,7.0,0.0,6.0,1.0,10.0,8.0,1.0,1.0,6.0,38.0,0.0,0.0,1.0,1.0,22.0,416.0,37.0,94.28571463,2.0,1.0
127.0,2.5,3.25,2.666666667,2.833333333,3.666666667,1.0,2.652777778,27.0,120.0,18.0,3.0,0.0,0.0,4.0,1.0,12.0,9.0,1.0,0.0,5.0,50.0,0.0,0.0,1.0,0.0,15.0,210.0,18.0,95.34285665,2.0,1.0
128.0,3.0,3.5,4.0,4.0,3.333333333,2.75,3.4305555560000003,18.0,120.0,10.0,0.0,0.0,0.0,4.0,0.0,0.0,0.0,1.0,1.0,2.0,28.0,0.0,0.0,0.0,1.0,8.0,336.0,27.0,95.94285488,2.0,1.0
129.0,3.75,3.25,3.333333333,3.0,4.0,2.5,3.3055555560000003,21.0,120.0,24.0,0.0,0.0,24.0,10.0,1.0,0.0,0.0,1.0,1.0,4.0,44.0,0.0,0.0,1.0,1.0,16.0,427.0,37.0,96.34285569,2.0,1.0
130.0,2.75,3.75,3.666666667,3.166666667,4.0,2.75,3.347222222,17.0,120.0,20.0,9.0,0.0,0.0,7.0,1.0,0.0,0.0,1.0,1.0,3.0,23.0,0.0,1.0,0.0,1.0,19.0,294.0,37.0,96.79999948,2.0,1.0
131.0,3.0,3.5,2.333333333,3.333333333,3.333333333,1.75,2.875,6.0,120.0,11.0,3.0,0.0,4.0,4.0,1.0,1.0,1.0,1.0,1.0,4.0,25.0,0.0,0.0,0.0,1.0,10.0,310.0,21.0,97.74285555,2.0,1.0
132.0,4.0,4.0,4.0,3.833333333,4.0,2.5,3.722222222,41.0,120.0,13.0,12.0,0.0,0.0,5.0,0.0,1.0,0.0,1.0,1.0,5.0,45.0,0.0,0.0,0.0,1.0,18.0,260.0,37.0,97.94285893,2.0,1.0
133.0,3.25,3.5,3.333333333,3.0,3.0,3.0,3.1805555560000003,28.0,120.0,16.0,21.0,0.0,0.0,1.0,1.0,5.0,3.0,1.0,1.0,3.0,34.0,0.0,0.0,1.0,1.0,17.0,546.0,29.0,99.14285541,2.0,1.0
134.0,3.75,3.5,3.666666667,3.833333333,4.0,3.0,3.625,0.0,120.0,0.0,19.0,0.0,0.0,3.0,0.0,0.0,0.0,1.0,1.0,5.0,26.0,0.0,0.0,1.0,1.0,4.0,132.0,4.0,100.0,2.0,1.0
135.0,4.0,2.25,2.0,3.166666667,3.0,3.0,2.902777778,57.0,117.0,11.0,9.0,13.0,0.0,2.0,1.0,0.0,0.0,1.0,1.0,2.0,23.0,1.0,1.0,0.0,0.0,18.0,402.0,56.0,73.28571677,1.0,1.0
136.0,3.5,4.0,3.666666667,3.5,4.0,1.5,3.361111111,3.0,117.0,12.0,5.0,0.0,0.0,4.0,1.0,1.0,1.0,1.0,1.0,3.0,16.0,0.0,1.0,0.0,0.0,4.0,102.0,7.0,80.14285564,1.0,1.0
137.0,4.0,3.5,3.0,3.166666667,4.0,3.5,3.527777778,9.0,117.0,8.0,3.0,0.0,0.0,6.0,1.0,2.0,2.0,1.0,1.0,6.0,44.0,0.0,0.0,1.0,0.0,12.0,166.0,31.0,85.79999804,1.0,1.0
138.0,4.0,4.0,4.0,4.0,4.0,3.25,3.875,6.0,117.0,27.0,14.0,0.0,0.0,4.0,1.0,2.0,0.0,1.0,1.0,5.0,26.0,0.0,0.0,1.0,1.0,12.0,209.0,14.0,93.86666417,2.0,1.0
139.0,2.5,2.25,3.666666667,2.5,3.0,3.0,2.8194444439999997,24.0,117.0,16.0,15.0,9.0,0.0,3.0,1.0,3.0,1.0,1.0,1.0,4.0,24.0,0.0,1.0,0.0,1.0,19.0,292.0,45.0,94.28571463,2.0,1.0
140.0,3.75,4.0,4.0,3.666666667,4.0,2.25,3.611111111,8.0,117.0,4.0,12.0,0.0,0.0,6.0,1.0,0.0,0.0,1.0,1.0,5.0,25.0,0.0,1.0,0.0,1.0,6.0,185.0,9.0,95.34285665,2.0,1.0
141.0,2.75,3.0,3.666666667,3.0,3.0,2.5,2.986111111,6.0,115.0,4.0,3.0,0.0,0.0,4.0,1.0,2.0,2.0,1.0,1.0,3.0,19.0,0.0,1.0,0.0,0.0,10.0,164.0,21.0,60.00000238,1.0,1.0
142.0,4.0,4.0,4.0,2.166666667,2.666666667,2.25,3.1805555560000003,4.0,115.0,4.0,10.0,0.0,0.0,2.0,0.0,5.0,1.0,1.0,1.0,4.0,27.0,0.0,0.0,0.0,0.0,7.0,128.0,14.0,60.00000238,1.0,1.0
143.0,3.25,3.0,3.0,2.5,2.333333333,2.0,2.680555556,21.0,115.0,0.0,3.0,11.0,0.0,7.0,0.0,0.0,0.0,1.0,1.0,4.0,48.0,0.0,0.0,1.0,0.0,14.0,473.0,28.0,61.2857163,1.0,1.0
144.0,4.0,4.0,4.0,3.5,4.0,2.5,3.666666667,14.0,115.0,0.0,12.0,14.0,0.0,20.0,0.0,0.0,0.0,1.0,1.0,5.0,36.0,0.0,0.0,1.0,0.0,21.0,322.0,49.0,62.18571663,1.0,1.0
145.0,4.0,4.0,4.0,4.0,4.0,2.25,3.708333333,8.0,115.0,10.0,0.0,15.0,0.0,4.0,1.0,0.0,0.0,1.0,1.0,3.0,18.0,0.0,1.0,0.0,0.0,11.0,261.0,17.0,63.34285736,1.0,1.0
146.0,2.75,3.0,3.333333333,2.666666667,3.666666667,1.75,2.861111111,6.0,115.0,4.0,8.0,0.0,0.0,10.0,1.0,11.0,11.0,1.0,1.0,5.0,24.0,0.0,0.0,1.0,0.0,7.0,202.0,8.0,64.54285979,1.0,1.0
147.0,3.0,3.25,3.333333333,2.833333333,2.666666667,3.0,3.013888889,20.0,115.0,5.0,0.0,13.0,0.0,2.0,1.0,4.0,5.0,1.0,1.0,3.0,60.0,0.0,0.0,0.0,0.0,17.0,338.0,32.0,65.08571506,1.0,1.0
148.0,3.0,3.25,3.666666667,3.666666667,3.666666667,3.75,3.5,26.0,115.0,14.0,6.0,0.0,0.0,4.0,1.0,0.0,0.0,1.0,1.0,5.0,23.0,0.0,0.0,1.0,0.0,16.0,234.0,39.0,67.14285612,1.0,1.0
149.0,3.0,1.75,3.333333333,2.833333333,2.666666667,1.25,2.472222222,3.0,115.0,0.0,19.0,0.0,0.0,1.0,0.0,5.0,0.0,1.0,1.0,2.0,28.0,0.0,0.0,1.0,0.0,11.0,284.0,11.0,69.60952282,1.0,1.0
150.0,2.0,3.0,3.0,2.666666667,2.666666667,2.25,2.597222222,14.0,115.0,0.0,13.0,6.0,0.0,10.0,1.0,1.0,0.0,1.0,1.0,5.0,25.0,0.0,0.0,1.0,0.0,17.0,280.0,33.0,70.14285922,1.0,1.0
151.0,1.5,2.75,2.0,2.833333333,3.333333333,0.75,2.194444444,3.0,115.0,10.0,10.0,0.0,0.0,5.0,1.0,15.0,7.0,1.0,1.0,3.0,32.0,1.0,0.0,1.0,0.0,11.0,127.0,23.0,72.08571434,1.0,1.0
152.0,3.5,3.75,4.0,3.5,4.0,3.25,3.666666667,6.0,115.0,0.0,3.0,6.0,0.0,10.0,0.0,10.0,8.0,1.0,1.0,3.0,23.0,0.0,0.0,1.0,1.0,14.0,331.0,28.0,90.40952325,2.0,1.0
153.0,2.5,3.0,3.333333333,3.333333333,3.333333333,2.75,3.041666667,42.0,115.0,9.0,6.0,5.0,6.0,5.0,1.0,2.0,0.0,1.0,1.0,6.0,34.0,0.0,0.0,1.0,1.0,27.0,306.0,53.0,91.00952148,2.0,1.0
154.0,4.0,4.0,4.0,4.0,4.0,4.0,4.0,18.0,115.0,14.0,6.0,5.0,0.0,6.0,1.0,3.0,2.0,1.0,1.0,3.0,37.0,0.0,0.0,1.0,1.0,19.0,290.0,44.0,91.26666784,2.0,1.0
155.0,2.75,3.0,3.0,2.333333333,3.0,2.25,2.722222222,13.0,115.0,0.0,6.0,9.0,9.0,2.0,1.0,3.0,1.0,1.0,1.0,5.0,21.0,0.0,1.0,0.0,1.0,11.0,411.0,32.0,91.60952568,2.0,1.0
156.0,3.75,4.0,4.0,3.166666667,3.333333333,2.25,3.416666667,6.0,115.0,33.0,0.0,0.0,6.0,1.0,1.0,3.0,2.0,1.0,1.0,3.0,22.0,0.0,1.0,0.0,0.0,12.0,231.0,17.0,92.14285612,2.0,1.0
157.0,3.0,3.5,3.666666667,3.666666667,4.0,3.0,3.472222222,9.0,115.0,22.0,6.0,4.0,8.0,6.0,0.0,0.0,2.0,1.0,1.0,3.0,44.0,0.0,0.0,0.0,1.0,19.0,415.0,38.0,92.15238094,2.0,1.0
158.0,2.5,3.0,3.0,3.166666667,3.333333333,2.75,2.958333333,8.0,115.0,4.0,3.0,5.0,0.0,4.0,0.0,1.0,1.0,0.0,0.0,4.0,36.0,0.0,0.0,0.0,1.0,11.0,285.0,22.0,92.20952392,2.0,1.0
159.0,3.25,3.0,2.333333333,2.166666667,2.0,2.75,2.583333333,14.0,115.0,4.0,3.0,7.0,0.0,3.0,0.0,2.0,2.0,1.0,1.0,4.0,41.0,1.0,0.0,1.0,1.0,14.0,392.0,17.0,92.48571396,2.0,1.0
160.0,4.0,3.75,3.666666667,3.666666667,3.666666667,3.25,3.666666667,6.0,115.0,46.0,6.0,0.0,0.0,12.0,1.0,0.0,0.0,1.0,1.0,2.0,20.0,0.0,1.0,0.0,0.0,18.0,270.0,24.0,93.00000072,2.0,1.0
161.0,4.0,4.0,4.0,4.0,4.0,3.0,3.833333333,34.0,111.0,14.0,11.0,7.0,0.0,5.0,1.0,0.0,0.0,1.0,1.0,5.0,33.0,0.0,0.0,1.0,1.0,14.0,337.0,30.0,100.0,2.0,1.0
162.0,2.75,3.0,3.666666667,3.166666667,3.666666667,3.0,3.208333333,16.0,110.0,28.0,7.0,0.0,0.0,4.0,0.0,4.0,4.0,1.0,1.0,5.0,43.0,0.0,0.0,1.0,0.0,18.0,184.0,32.0,60.28571725,1.0,1.0
163.0,2.25,1.75,3.0,2.333333333,2.333333333,2.25,2.319444444,12.0,110.0,43.0,0.0,0.0,0.0,10.0,0.0,3.0,2.0,1.0,1.0,5.0,40.0,0.0,0.0,0.0,0.0,13.0,209.0,16.0,64.74285722,1.0,1.0
164.0,3.25,3.25,3.0,3.833333333,4.0,3.0,3.388888889,21.0,110.0,25.0,18.0,0.0,0.0,6.0,1.0,2.0,2.0,1.0,1.0,4.0,21.0,1.0,1.0,0.0,0.0,20.0,380.0,32.0,66.58571362,1.0,1.0
165.0,4.0,4.0,4.0,4.0,4.0,3.25,3.875,36.0,110.0,10.0,0.0,4.0,6.0,10.0,0.0,0.0,0.0,1.0,1.0,4.0,43.0,0.0,0.0,0.0,0.0,24.0,467.0,91.0,68.00000072,1.0,1.0
166.0,4.0,3.5,3.333333333,3.666666667,3.666666667,2.5,3.4444444439999997,29.0,110.0,11.0,15.0,0.0,0.0,5.0,0.0,2.0,1.0,1.0,1.0,5.0,27.0,0.0,1.0,0.0,0.0,21.0,237.0,35.0,70.14285922,1.0,1.0
167.0,3.75,3.0,3.0,4.0,4.0,2.75,3.416666667,23.0,110.0,16.0,12.0,4.0,6.0,15.0,1.0,4.0,3.0,1.0,1.0,4.0,45.0,0.0,0.0,1.0,0.0,19.0,326.0,46.0,70.44285536,1.0,1.0
168.0,2.75,2.0,2.666666667,2.333333333,2.333333333,2.5,2.430555556,31.0,110.0,5.0,3.0,0.0,8.0,7.0,1.0,0.0,0.0,1.0,1.0,3.0,28.0,0.0,0.0,1.0,0.0,10.0,310.0,26.0,71.54285908,1.0,1.0
169.0,2.75,3.0,2.666666667,2.833333333,3.0,3.0,2.875,18.0,110.0,16.0,9.0,0.0,0.0,4.0,1.0,0.0,0.0,1.0,1.0,2.0,24.0,1.0,1.0,0.0,0.0,15.0,202.0,32.0,72.39999771,1.0,1.0
170.0,2.0,3.0,2.333333333,2.0,2.666666667,2.0,2.333333333,9.0,110.0,11.0,6.0,0.0,0.0,4.0,1.0,3.0,3.0,1.0,1.0,5.0,21.0,0.0,1.0,0.0,0.0,10.0,197.0,21.0,72.64285684,1.0,1.0
171.0,3.0,3.5,3.333333333,3.333333333,3.0,2.0,3.027777778,25.0,110.0,4.0,7.0,7.0,8.0,3.0,0.0,0.0,0.0,1.0,1.0,3.0,17.0,0.0,0.0,1.0,0.0,13.0,369.0,26.0,72.94285893,1.0,1.0
172.0,3.75,3.5,4.0,3.666666667,3.666666667,3.0,3.597222222,23.0,110.0,13.0,9.0,0.0,0.0,8.0,1.0,0.0,0.0,1.0,1.0,4.0,37.0,0.0,0.0,0.0,1.0,15.0,287.0,40.0,91.80952311,2.0,1.0
173.0,4.0,4.0,4.0,4.0,4.0,3.5,3.916666667,78.0,110.0,0.0,6.0,0.0,0.0,3.0,1.0,2.0,2.0,1.0,1.0,4.0,37.0,0.0,0.0,1.0,0.0,17.0,409.0,64.0,92.14285612,2.0,1.0
174.0,3.5,3.0,2.666666667,2.833333333,3.0,3.25,3.041666667,14.0,110.0,0.0,16.0,0.0,0.0,4.0,0.0,3.0,3.0,1.0,1.0,5.0,38.0,1.0,0.0,1.0,1.0,7.0,358.0,13.0,92.15238094,2.0,1.0
175.0,3.0,2.25,2.666666667,2.0,3.333333333,1.75,2.5,34.0,110.0,34.0,16.0,0.0,0.0,10.0,1.0,0.0,0.0,1.0,1.0,3.0,33.0,0.0,0.0,1.0,1.0,21.0,545.0,59.0,92.40952134,2.0,1.0
176.0,2.75,2.75,3.0,2.833333333,3.0,3.0,2.888888889,3.0,110.0,28.0,3.0,0.0,0.0,6.0,0.0,1.0,0.0,1.0,1.0,5.0,36.0,0.0,0.0,0.0,1.0,13.0,304.0,17.0,92.74285436,2.0,1.0
177.0,2.0,2.5,3.333333333,3.166666667,3.666666667,3.5,3.027777778,47.0,110.0,18.0,22.0,4.0,0.0,4.0,0.0,10.0,4.0,1.0,0.0,5.0,26.0,0.0,0.0,0.0,1.0,25.0,474.0,89.0,92.80952215,2.0,1.0
178.0,4.0,4.0,3.666666667,3.5,4.0,4.0,3.861111111,51.0,110.0,7.0,20.0,11.0,0.0,6.0,0.0,1.0,1.0,1.0,1.0,2.0,44.0,0.0,0.0,1.0,0.0,22.0,797.0,54.0,93.08571219,2.0,1.0
179.0,3.0,3.5,3.0,3.0,3.333333333,2.5,3.0555555560000003,16.0,110.0,26.0,3.0,0.0,0.0,4.0,0.0,3.0,3.0,1.0,1.0,6.0,36.0,0.0,0.0,1.0,1.0,15.0,381.0,28.0,93.14285517,2.0,1.0
180.0,3.75,3.75,4.0,4.0,4.0,3.0,3.75,6.0,110.0,25.0,7.0,0.0,0.0,7.0,1.0,10.0,10.0,1.0,1.0,7.0,59.0,0.0,0.0,1.0,1.0,14.0,485.0,31.0,93.66666675,2.0,1.0
181.0,4.0,3.5,4.0,4.0,4.0,3.5,3.833333333,7.0,109.0,34.0,6.0,13.0,0.0,1.0,1.0,0.0,0.0,1.0,1.0,3.0,26.0,0.0,0.0,0.0,1.0,16.0,305.0,34.0,100.0,2.0,1.0
182.0,2.0,2.0,2.333333333,2.666666667,3.333333333,1.75,2.347222222,6.0,109.0,0.0,17.0,0.0,0.0,10.0,1.0,0.0,0.0,1.0,1.0,4.0,29.0,0.0,0.0,1.0,1.0,17.0,283.0,28.0,100.0,2.0,1.0
183.0,0.75,3.25,3.666666667,3.333333333,3.333333333,1.75,2.680555556,20.0,109.0,21.0,4.0,0.0,0.0,5.0,0.0,5.0,5.0,1.0,1.0,3.0,41.0,0.0,0.0,1.0,1.0,18.0,279.0,39.0,100.0,2.0,1.0
184.0,3.0,4.0,4.0,3.333333333,4.0,2.5,3.472222222,54.0,101.0,5.0,6.0,5.0,0.0,4.0,0.0,0.0,0.0,1.0,1.0,4.0,50.0,0.0,0.0,1.0,0.0,23.0,667.0,54.0,89.94285464,1.0,1.0
185.0,2.75,2.75,3.333333333,2.666666667,3.0,2.25,2.791666667,29.0,99.0,4.0,18.0,0.0,5.0,7.0,0.0,1.0,0.0,1.0,1.0,2.0,28.0,0.0,0.0,1.0,1.0,29.0,377.0,76.0,98.60000014,2.0,1.0
186.0,4.0,4.0,4.0,4.0,4.0,2.25,3.708333333,32.0,99.0,8.0,16.0,0.0,6.0,6.0,1.0,30.0,30.0,1.0,1.0,4.0,49.0,0.0,0.0,1.0,1.0,14.0,387.0,38.0,100.0,2.0,1.0
187.0,3.5,3.25,3.666666667,3.833333333,4.0,2.75,3.5,30.0,99.0,25.0,9.0,13.0,0.0,5.0,1.0,0.0,0.0,1.0,1.0,5.0,28.0,0.0,0.0,1.0,1.0,24.0,276.0,45.0,100.0,2.0,1.0
188.0,2.0,2.25,2.333333333,2.666666667,2.0,2.75,2.333333333,32.0,90.0,0.0,10.0,6.0,0.0,4.0,1.0,8.0,6.0,1.0,1.0,5.0,34.0,0.0,0.0,1.0,0.0,14.0,337.0,18.0,61.2857163,1.0,1.0
189.0,2.0,3.75,4.0,3.166666667,4.0,3.25,3.361111111,0.0,90.0,0.0,5.0,0.0,0.0,8.0,0.0,2.0,2.0,1.0,1.0,3.0,27.0,0.0,0.0,1.0,0.0,3.0,148.0,4.0,61.29999757,1.0,1.0
190.0,4.0,3.0,3.666666667,4.0,3.666666667,3.75,3.6805555560000003,16.0,90.0,14.0,0.0,0.0,25.0,3.0,0.0,2.0,1.0,1.0,1.0,5.0,50.0,0.0,0.0,1.0,0.0,10.0,334.0,16.0,62.80952096,1.0,1.0
191.0,3.0,3.0,3.666666667,3.166666667,4.0,2.5,3.222222222,18.0,90.0,11.0,4.0,4.0,0.0,3.0,1.0,3.0,1.0,1.0,1.0,4.0,31.0,0.0,0.0,1.0,0.0,16.0,267.0,24.0,62.88571358,1.0,1.0
192.0,3.5,3.75,4.0,3.0,2.666666667,2.75,3.277777778,0.0,90.0,15.0,3.0,0.0,0.0,4.0,1.0,0.0,0.0,1.0,1.0,3.0,20.0,0.0,1.0,0.0,0.0,5.0,243.0,11.0,63.89999986,1.0,1.0
193.0,3.25,3.0,3.666666667,2.833333333,2.0,2.75,2.916666667,0.0,90.0,0.0,0.0,0.0,0.0,5.0,1.0,4.0,2.0,1.0,1.0,3.0,19.0,0.0,1.0,0.0,0.0,2.0,149.0,3.0,63.98571134,1.0,1.0
194.0,3.5,3.0,3.0,2.5,3.0,1.0,2.666666667,4.0,90.0,0.0,0.0,0.0,0.0,3.0,1.0,5.0,3.0,1.0,1.0,5.0,31.0,0.0,0.0,0.0,0.0,10.0,150.0,17.0,68.54285598,1.0,1.0
195.0,4.0,4.0,4.0,3.333333333,3.666666667,1.75,3.458333333,15.0,90.0,20.0,0.0,0.0,0.0,6.0,0.0,8.0,5.0,1.0,0.0,4.0,22.0,0.0,1.0,0.0,0.0,9.0,197.0,20.0,68.94285679,1.0,1.0
196.0,3.25,4.0,4.0,4.0,4.0,2.25,3.583333333,4.0,90.0,16.0,0.0,0.0,8.0,12.0,1.0,0.0,0.0,1.0,1.0,4.0,25.0,0.0,0.0,1.0,0.0,13.0,254.0,21.0,70.68571448,1.0,1.0
197.0,4.0,3.5,3.333333333,3.333333333,3.0,2.5,3.277777778,7.0,90.0,31.0,6.0,5.0,0.0,8.0,1.0,1.0,1.0,1.0,1.0,6.0,30.0,0.0,0.0,1.0,0.0,18.0,306.0,29.0,70.68571448,1.0,1.0
198.0,2.75,3.25,2.666666667,3.333333333,4.0,1.75,2.958333333,13.0,90.0,6.0,3.0,0.0,0.0,7.0,1.0,1.0,1.0,1.0,1.0,5.0,22.0,0.0,1.0,0.0,0.0,8.0,227.0,25.0,72.74285555,1.0,1.0
199.0,3.75,3.25,4.0,3.0,3.0,0.75,2.958333333,3.0,90.0,12.0,3.0,0.0,0.0,6.0,0.0,0.0,0.0,1.0,1.0,2.0,25.0,1.0,0.0,0.0,0.0,9.0,211.0,17.0,72.94285893,1.0,1.0
200.0,1.25,1.75,3.0,2.5,3.333333333,3.75,2.597222222,10.0,90.0,21.0,4.0,0.0,0.0,3.0,1.0,0.0,0.0,1.0,1.0,4.0,22.0,1.0,1.0,0.0,0.0,13.0,298.0,24.0,73.28571677,1.0,1.0
201.0,2.25,2.25,3.0,2.5,2.666666667,2.0,2.444444444,12.0,90.0,36.0,0.0,0.0,0.0,10.0,1.0,0.0,0.0,1.0,1.0,4.0,19.0,0.0,1.0,0.0,0.0,14.0,225.0,24.0,77.74285674,1.0,1.0
202.0,4.0,3.0,4.0,3.333333333,3.0,2.5,3.3055555560000003,60.0,90.0,9.0,12.0,38.0,5.0,6.0,0.0,1.0,1.0,1.0,1.0,5.0,32.0,0.0,0.0,0.0,0.0,35.0,588.0,50.0,84.58571434,1.0,1.0
203.0,2.5,2.5,2.333333333,2.166666667,3.0,3.5,2.666666667,0.0,90.0,0.0,17.0,0.0,0.0,4.0,0.0,1.0,1.0,1.0,1.0,2.0,19.0,0.0,1.0,0.0,1.0,5.0,513.0,9.0,87.75237799,1.0,1.0
204.0,3.5,3.0,3.0,2.333333333,2.0,1.0,2.472222222,6.0,90.0,10.0,14.0,0.0,0.0,1.0,0.0,20.0,5.0,1.0,1.0,7.0,38.0,0.0,0.0,1.0,1.0,12.0,221.0,19.0,88.40952516,1.0,1.0
205.0,2.0,2.0,3.0,2.833333333,2.666666667,2.75,2.541666667,22.0,90.0,17.0,3.0,0.0,0.0,4.0,0.0,0.0,0.0,1.0,1.0,7.0,32.0,0.0,0.0,1.0,1.0,16.0,292.0,25.0,88.40952516,1.0,1.0
206.0,4.0,3.75,4.0,3.5,3.333333333,2.0,3.4305555560000003,3.0,90.0,49.0,0.0,0.0,0.0,5.0,0.0,1.0,1.0,1.0,1.0,5.0,45.0,0.0,0.0,0.0,0.0,12.0,397.0,12.0,90.40952325,2.0,1.0
207.0,2.75,2.25,2.333333333,2.666666667,3.0,3.75,2.791666667,41.0,90.0,4.0,3.0,9.0,9.0,7.0,1.0,0.0,0.0,1.0,1.0,4.0,54.0,0.0,0.0,1.0,1.0,21.0,376.0,46.0,90.66666961,2.0,1.0
208.0,2.25,3.5,4.0,4.0,4.0,1.25,3.166666667,12.0,90.0,25.0,0.0,6.0,11.0,15.0,1.0,20.0,15.0,1.0,1.0,4.0,29.0,0.0,0.0,0.0,1.0,13.0,303.0,24.0,91.00952148,2.0,1.0
209.0,3.0,3.0,3.0,3.0,3.0,3.5,3.083333333,23.0,90.0,12.0,8.0,6.0,8.0,4.0,1.0,2.0,2.0,1.0,1.0,4.0,53.0,0.0,0.0,1.0,1.0,17.0,275.0,24.0,91.00952148,2.0,1.0
210.0,3.75,4.0,3.666666667,3.333333333,4.0,3.75,3.75,30.0,90.0,21.0,13.0,35.0,6.0,3.0,1.0,0.0,0.0,1.0,1.0,3.0,56.0,0.0,0.0,0.0,0.0,20.0,518.0,46.0,91.28571153,2.0,1.0
211.0,4.0,4.0,4.0,4.0,4.0,3.0,3.833333333,20.0,90.0,9.0,3.0,0.0,0.0,12.0,1.0,8.0,8.0,1.0,1.0,6.0,59.0,0.0,0.0,1.0,1.0,7.0,269.0,22.0,91.35237932,2.0,1.0
212.0,4.0,4.0,4.0,4.0,4.0,3.5,3.916666667,24.0,90.0,20.0,6.0,7.0,0.0,6.0,0.0,3.0,3.0,1.0,1.0,3.0,30.0,0.0,0.0,1.0,1.0,13.0,304.0,35.0,92.15238094,2.0,1.0
213.0,4.0,4.0,4.0,4.0,4.0,3.5,3.916666667,11.0,90.0,0.0,7.0,0.0,0.0,5.0,0.0,4.0,3.0,1.0,1.0,3.0,43.0,0.0,0.0,1.0,1.0,10.0,370.0,20.0,92.20952392,2.0,1.0
214.0,2.0,3.0,4.0,3.0,3.666666667,2.75,3.0694444439999997,41.0,90.0,18.0,6.0,18.0,0.0,5.0,1.0,0.0,0.0,1.0,1.0,5.0,32.0,0.0,0.0,0.0,1.0,20.0,364.0,39.0,92.74285436,2.0,1.0
215.0,3.25,3.5,3.333333333,3.166666667,4.0,1.5,3.125,27.0,90.0,14.0,10.0,0.0,0.0,7.0,1.0,0.0,0.0,1.0,1.0,3.0,22.0,1.0,1.0,0.0,1.0,17.0,293.0,43.0,92.74285436,2.0,1.0
216.0,3.5,2.0,2.333333333,2.5,3.333333333,1.5,2.527777778,29.0,90.0,24.0,3.0,0.0,0.0,3.0,0.0,0.0,0.0,1.0,1.0,2.0,28.0,0.0,0.0,1.0,1.0,19.0,311.0,52.0,93.28571558,2.0,1.0
217.0,4.0,4.0,3.0,3.666666667,4.0,0.25,3.152777778,28.0,90.0,12.0,6.0,0.0,0.0,10.0,0.0,0.0,0.0,1.0,1.0,5.0,68.0,0.0,0.0,1.0,1.0,20.0,369.0,36.0,93.68571639,2.0,1.0
218.0,3.0,3.0,3.0,3.0,3.0,2.5,2.916666667,0.0,90.0,0.0,25.0,0.0,0.0,2.0,0.0,4.0,1.0,1.0,1.0,5.0,24.0,0.0,0.0,1.0,1.0,4.0,119.0,4.0,93.68571639,2.0,1.0
219.0,2.5,1.75,2.333333333,2.166666667,2.0,0.25,1.8333333330000001,26.0,90.0,18.0,4.0,9.0,0.0,4.0,1.0,2.0,1.0,1.0,1.0,4.0,30.0,0.0,0.0,1.0,1.0,18.0,433.0,56.0,94.26666498,2.0,1.0
220.0,4.0,4.0,4.0,4.0,4.0,4.0,4.0,13.0,90.0,5.0,0.0,0.0,8.0,4.0,1.0,10.0,8.0,1.0,1.0,5.0,57.0,0.0,0.0,1.0,1.0,10.0,367.0,18.0,95.26666403,2.0,1.0
221.0,1.25,1.25,2.666666667,1.5,2.333333333,0.75,1.625,13.0,90.0,4.0,6.0,0.0,0.0,5.0,1.0,3.0,1.0,1.0,1.0,6.0,53.0,0.0,0.0,1.0,1.0,14.0,268.0,24.0,95.88571191,2.0,1.0
222.0,3.0,3.0,3.0,2.666666667,3.0,2.5,2.861111111,23.0,90.0,19.0,0.0,0.0,0.0,3.0,1.0,0.0,7.0,1.0,1.0,5.0,22.0,0.0,1.0,0.0,1.0,19.0,315.0,56.0,96.20000124,2.0,1.0
223.0,3.5,3.5,4.0,3.5,4.0,2.75,3.541666667,20.0,90.0,0.0,6.0,0.0,0.0,15.0,0.0,1.0,1.0,1.0,1.0,3.0,21.0,0.0,0.0,1.0,0.0,15.0,481.0,50.0,96.28571272,2.0,1.0
224.0,4.0,3.0,3.666666667,3.166666667,3.0,2.25,3.1805555560000003,5.0,90.0,6.0,10.0,0.0,0.0,5.0,1.0,5.0,5.0,1.0,1.0,4.0,22.0,0.0,0.0,1.0,0.0,7.0,203.0,8.0,96.54285908,2.0,1.0
225.0,4.0,4.0,4.0,3.5,4.0,2.75,3.708333333,11.0,90.0,34.0,10.0,0.0,0.0,4.0,0.0,3.0,3.0,1.0,1.0,5.0,30.0,0.0,0.0,1.0,1.0,11.0,253.0,20.0,96.74285649999999,2.0,1.0
226.0,3.75,3.25,4.0,3.833333333,4.0,0.75,3.263888889,18.0,90.0,40.0,6.0,0.0,0.0,6.0,1.0,1.0,1.0,1.0,1.0,5.0,32.0,0.0,0.0,1.0,1.0,12.0,291.0,32.0,96.88571692,2.0,1.0
227.0,3.0,3.5,3.333333333,3.333333333,3.666666667,2.0,3.138888889,21.0,90.0,14.0,12.0,0.0,0.0,5.0,1.0,2.0,0.0,1.0,1.0,5.0,42.0,0.0,0.0,0.0,1.0,22.0,263.0,73.0,97.6000011,2.0,1.0
228.0,4.0,4.0,4.0,4.0,4.0,3.0,3.833333333,5.0,90.0,0.0,20.0,0.0,0.0,7.0,0.0,1.0,1.0,1.0,1.0,4.0,50.0,0.0,0.0,1.0,1.0,7.0,195.0,12.0,97.74285555,2.0,1.0
229.0,3.25,3.0,3.333333333,3.0,3.0,3.0,3.097222222,9.0,90.0,5.0,0.0,0.0,0.0,6.0,1.0,4.0,4.0,1.0,1.0,5.0,28.0,0.0,0.0,0.0,1.0,7.0,253.0,15.0,97.94285893,2.0,1.0
230.0,2.75,3.0,3.0,3.666666667,3.666666667,0.5,2.763888889,18.0,90.0,13.0,11.0,0.0,0.0,4.0,1.0,8.0,8.0,1.0,1.0,4.0,45.0,0.0,0.0,1.0,1.0,19.0,295.0,34.0,98.28571677,2.0,1.0
231.0,3.5,3.0,3.333333333,3.166666667,4.0,1.75,3.125,20.0,90.0,15.0,9.0,0.0,0.0,12.0,1.0,6.0,6.0,1.0,1.0,3.0,25.0,0.0,1.0,0.0,1.0,13.0,262.0,28.0,98.79999757,2.0,1.0
232.0,2.75,3.0,3.0,2.166666667,3.666666667,2.5,2.847222222,10.0,90.0,0.0,7.0,0.0,0.0,2.0,1.0,12.0,8.0,1.0,1.0,4.0,34.0,0.0,1.0,0.0,1.0,9.0,284.0,13.0,100.0,2.0,1.0
233.0,1.75,2.75,3.0,3.666666667,4.0,3.0,3.027777778,8.0,90.0,0.0,0.0,0.0,0.0,6.0,1.0,7.0,5.0,1.0,1.0,6.0,37.0,0.0,0.0,0.0,1.0,7.0,261.0,10.0,100.0,2.0,1.0
234.0,2.0,1.75,2.0,2.0,2.0,2.5,2.041666667,26.0,90.0,5.0,11.0,0.0,0.0,3.0,1.0,1.0,0.0,1.0,1.0,5.0,22.0,0.0,1.0,0.0,1.0,18.0,374.0,39.0,100.0,2.0,1.0
235.0,3.25,3.25,2.333333333,2.666666667,2.333333333,1.0,2.472222222,29.0,90.0,6.0,0.0,0.0,0.0,8.0,0.0,15.0,14.0,1.0,1.0,4.0,49.0,0.0,0.0,1.0,1.0,16.0,295.0,19.0,100.0,2.0,1.0
236.0,3.75,3.0,2.333333333,2.5,2.666666667,2.75,2.833333333,9.0,89.0,0.0,4.0,5.0,0.0,2.0,1.0,0.0,0.0,1.0,1.0,3.0,42.0,1.0,0.0,1.0,0.0,11.0,289.0,18.0,61.78571582,1.0,1.0
237.0,3.5,3.25,3.333333333,3.333333333,3.0,2.25,3.111111111,10.0,89.0,15.0,3.0,0.0,6.0,8.0,1.0,0.0,0.0,1.0,1.0,5.0,57.0,0.0,0.0,0.0,1.0,12.0,310.0,20.0,90.74285626,2.0,1.0
238.0,3.0,3.0,3.0,2.833333333,3.0,2.75,2.9305555560000003,27.0,89.0,26.0,6.0,0.0,0.0,4.0,0.0,5.0,4.0,1.0,1.0,3.0,42.0,0.0,0.0,1.0,1.0,8.0,258.0,28.0,98.79999757,2.0,1.0
239.0,4.0,4.0,4.0,4.0,4.0,4.0,4.0,26.0,89.0,20.0,9.0,8.0,0.0,4.0,1.0,0.0,6.0,1.0,1.0,5.0,31.0,0.0,0.0,1.0,1.0,13.0,403.0,36.0,100.0,2.0,1.0
240.0,3.0,2.75,2.0,3.0,4.0,1.25,2.666666667,0.0,89.0,0.0,0.0,0.0,0.0,4.0,1.0,21.0,14.0,1.0,1.0,4.0,43.0,0.0,0.0,1.0,1.0,3.0,219.0,9.0,100.0,2.0,1.0
241.0,3.25,3.0,4.0,3.0,3.666666667,3.5,3.402777778,10.0,85.0,13.0,0.0,5.0,0.0,3.0,1.0,0.0,0.0,1.0,1.0,4.0,24.0,0.0,0.0,1.0,1.0,20.0,366.0,34.0,88.6857152,1.0,1.0
242.0,3.25,3.25,3.0,3.833333333,3.0,3.5,3.3055555560000003,22.0,85.0,12.0,24.0,0.0,14.0,7.0,0.0,0.0,0.0,1.0,1.0,3.0,26.0,0.0,0.0,0.0,0.0,15.0,555.0,24.0,96.10000253,2.0,1.0
243.0,3.5,3.75,3.0,3.5,3.666666667,1.0,3.0694444439999997,46.0,85.0,10.0,3.0,11.0,4.0,3.0,0.0,7.0,3.0,1.0,1.0,3.0,45.0,0.0,0.0,0.0,1.0,22.0,440.0,65.0,96.54285908,2.0,1.0
244.0,4.0,4.0,4.0,4.0,4.0,3.0,3.833333333,37.0,85.0,15.0,21.0,12.0,0.0,6.0,0.0,3.0,0.0,1.0,1.0,3.0,28.0,0.0,0.0,1.0,1.0,18.0,399.0,38.0,96.8095243,2.0,1.0
245.0,3.0,2.5,3.333333333,2.833333333,3.0,1.0,2.611111111,31.0,85.0,14.0,0.0,0.0,0.0,8.0,1.0,0.0,0.0,1.0,1.0,6.0,65.0,0.0,0.0,0.0,1.0,16.0,380.0,38.0,97.74285555,2.0,1.0
246.0,3.0,3.0,3.333333333,3.666666667,4.0,3.25,3.375,22.0,85.0,20.0,7.0,0.0,8.0,5.0,1.0,0.0,0.0,1.0,1.0,5.0,39.0,0.0,0.0,1.0,1.0,21.0,362.0,43.0,98.28571677,2.0,1.0
247.0,3.0,3.0,3.0,2.166666667,3.0,2.75,2.8194444439999997,28.0,85.0,13.0,3.0,0.0,0.0,5.0,1.0,2.0,2.0,1.0,1.0,3.0,33.0,0.0,0.0,1.0,1.0,20.0,282.0,50.0,99.14285541,2.0,1.0
248.0,2.75,3.0,3.0,2.5,3.0,2.5,2.791666667,15.0,85.0,10.0,0.0,8.0,0.0,4.0,1.0,0.0,0.0,1.0,1.0,3.0,20.0,0.0,1.0,0.0,0.0,13.0,318.0,28.0,100.0,2.0,1.0
249.0,2.25,3.0,3.666666667,3.333333333,3.333333333,2.5,3.013888889,18.0,80.0,11.0,0.0,0.0,0.0,12.0,1.0,7.0,6.0,1.0,1.0,5.0,23.0,1.0,1.0,0.0,1.0,13.0,451.0,27.0,100.0,2.0,1.0
250.0,1.5,1.5,2.333333333,2.5,3.0,2.5,2.222222222,13.0,79.0,23.0,9.0,0.0,0.0,4.0,1.0,0.0,0.0,1.0,1.0,2.0,27.0,0.0,1.0,0.0,0.0,17.0,204.0,35.0,61.50000095,1.0,1.0
251.0,2.0,3.25,3.333333333,2.833333333,3.666666667,2.5,2.9305555560000003,22.0,79.0,0.0,0.0,0.0,0.0,3.0,1.0,1.0,1.0,1.0,0.0,4.0,31.0,0.0,0.0,1.0,1.0,14.0,337.0,24.0,90.66666961,2.0,1.0
252.0,3.0,2.25,3.666666667,3.333333333,4.0,1.25,2.916666667,27.0,79.0,16.0,11.0,0.0,6.0,3.0,1.0,0.0,0.0,1.0,1.0,3.0,29.0,0.0,0.0,1.0,1.0,19.0,393.0,42.0,98.79999757,2.0,1.0
253.0,4.0,4.0,4.0,4.0,4.0,3.5,3.916666667,11.0,79.0,11.0,3.0,0.0,0.0,5.0,1.0,4.0,3.0,1.0,1.0,4.0,35.0,0.0,0.0,1.0,1.0,15.0,371.0,30.0,100.0,2.0,1.0
254.0,3.75,3.75,4.0,3.666666667,3.666666667,1.5,3.388888889,19.0,79.0,7.0,10.0,0.0,0.0,21.0,1.0,0.0,0.0,1.0,1.0,5.0,22.0,0.0,1.0,0.0,0.0,8.0,183.0,18.0,100.0,2.0,1.0
255.0,4.0,3.75,4.0,3.0,3.666666667,1.5,3.3194444439999997,7.0,79.0,11.0,0.0,0.0,0.0,6.0,1.0,2.0,1.0,1.0,1.0,7.0,39.0,0.0,0.0,1.0,1.0,6.0,228.0,13.0,100.0,2.0,1.0
256.0,2.5,2.5,3.666666667,2.833333333,3.0,1.75,2.708333333,17.0,72.0,6.0,6.0,0.0,0.0,5.0,1.0,1.0,0.0,1.0,1.0,3.0,25.0,1.0,0.0,1.0,1.0,11.0,310.0,32.0,96.26666903,2.0,1.0
257.0,0.0,1.75,3.333333333,3.5,3.666666667,2.5,2.458333333,4.0,72.0,0.0,0.0,10.0,0.0,5.0,1.0,3.0,3.0,1.0,1.0,5.0,51.0,0.0,0.0,0.0,1.0,10.0,296.0,13.0,96.74285649999999,2.0,1.0
258.0,3.75,3.5,3.0,3.333333333,4.0,1.5,3.1805555560000003,41.0,72.0,19.0,11.0,4.0,0.0,4.0,0.0,6.0,6.0,1.0,1.0,4.0,38.0,0.0,0.0,1.0,1.0,13.0,423.0,34.0,97.39999771,2.0,1.0
259.0,3.75,3.75,3.333333333,3.166666667,4.0,2.5,3.416666667,6.0,72.0,24.0,3.0,0.0,0.0,2.0,1.0,12.0,10.0,1.0,1.0,4.0,37.0,0.0,0.0,1.0,1.0,10.0,262.0,14.0,97.94285893,2.0,1.0
260.0,1.75,2.75,3.666666667,3.333333333,3.666666667,0.75,2.652777778,31.0,72.0,0.0,15.0,11.0,6.0,5.0,1.0,0.0,0.0,1.0,1.0,2.0,28.0,0.0,0.0,1.0,1.0,17.0,353.0,41.0,98.60000014,2.0,1.0
261.0,3.5,3.5,3.666666667,4.0,3.666666667,2.0,3.388888889,18.0,72.0,9.0,3.0,0.0,0.0,2.0,1.0,1.0,0.0,1.0,1.0,6.0,27.0,0.0,1.0,0.0,1.0,14.0,258.0,27.0,98.79999757,2.0,1.0
262.0,2.0,2.5,2.333333333,2.5,2.333333333,2.0,2.277777778,21.0,72.0,14.0,17.0,0.0,10.0,10.0,0.0,5.0,5.0,1.0,1.0,4.0,45.0,0.0,0.0,1.0,1.0,12.0,333.0,39.0,100.0,2.0,1.0
263.0,3.0,2.5,3.0,2.5,3.0,0.5,2.416666667,43.0,72.0,0.0,18.0,0.0,0.0,4.0,1.0,20.0,20.0,1.0,1.0,4.0,50.0,0.0,0.0,1.0,1.0,12.0,279.0,19.0,100.0,2.0,1.0
264.0,1.5,1.5,2.333333333,2.5,2.0,1.75,1.9305555559999998,29.0,72.0,0.0,17.0,0.0,0.0,4.0,0.0,4.0,3.0,1.0,0.0,4.0,50.0,0.0,0.0,1.0,1.0,17.0,256.0,47.0,100.0,2.0,1.0
265.0,3.75,4.0,4.0,4.0,4.0,3.25,3.833333333,9.0,67.0,7.0,6.0,0.0,0.0,4.0,1.0,4.0,3.0,1.0,1.0,3.0,63.0,0.0,0.0,1.0,0.0,6.0,189.0,17.0,61.34285927,1.0,1.0
266.0,2.75,3.75,4.0,4.0,4.0,1.5,3.333333333,14.0,67.0,12.0,3.0,0.0,0.0,6.0,0.0,2.0,2.0,1.0,1.0,3.0,27.0,0.0,0.0,1.0,1.0,17.0,271.0,29.0,90.66666961,2.0,1.0
267.0,3.5,4.0,4.0,3.833333333,3.333333333,3.0,3.611111111,5.0,49.0,34.0,0.0,0.0,0.0,2.0,1.0,1.0,1.0,1.0,1.0,5.0,18.0,0.0,1.0,0.0,1.0,14.0,328.0,21.0,100.0,2.0,1.0
268.0,4.0,4.0,4.0,4.0,4.0,3.0,3.833333333,43.0,45.0,0.0,3.0,4.0,0.0,3.0,0.0,4.0,4.0,1.0,1.0,5.0,35.0,0.0,0.0,1.0,0.0,15.0,279.0,51.0,60.28571725,1.0,1.0
269.0,1.5,2.75,1.333333333,2.166666667,3.0,0.5,1.875,0.0,45.0,7.0,4.0,0.0,0.0,5.0,1.0,10.0,0.0,0.0,1.0,4.0,28.0,0.0,0.0,0.0,0.0,10.0,92.0,11.0,64.99999762,1.0,1.0
270.0,2.5,3.75,2.333333333,3.5,3.666666667,3.0,3.125,6.0,45.0,39.0,3.0,0.0,0.0,5.0,1.0,0.0,0.0,1.0,1.0,4.0,21.0,0.0,1.0,0.0,0.0,10.0,195.0,16.0,67.14285612,1.0,1.0
271.0,4.0,3.25,3.0,3.333333333,3.0,2.5,3.1805555560000003,48.0,45.0,5.0,0.0,13.0,0.0,6.0,1.0,2.0,2.0,1.0,1.0,6.0,45.0,0.0,0.0,1.0,0.0,20.0,364.0,35.0,70.14285922,1.0,1.0
272.0,4.0,4.0,4.0,4.0,4.0,4.0,4.0,28.0,45.0,0.0,6.0,0.0,0.0,5.0,0.0,4.0,4.0,1.0,1.0,3.0,31.0,0.0,0.0,1.0,0.0,12.0,303.0,25.0,71.88571692,1.0,1.0
273.0,4.0,4.0,3.666666667,3.333333333,4.0,1.0,3.333333333,26.0,45.0,21.0,4.0,0.0,0.0,2.0,1.0,6.0,6.0,1.0,1.0,3.0,40.0,0.0,0.0,1.0,1.0,16.0,337.0,21.0,91.9428587,2.0,1.0
274.0,3.75,3.0,3.666666667,3.5,3.0,2.5,3.236111111,25.0,45.0,4.0,12.0,0.0,0.0,6.0,1.0,1.0,1.0,1.0,1.0,4.0,22.0,0.0,1.0,0.0,1.0,17.0,336.0,49.0,92.14285612,2.0,1.0
275.0,3.0,2.75,3.0,2.666666667,3.333333333,1.5,2.708333333,21.0,45.0,15.0,6.0,0.0,0.0,5.0,1.0,6.0,2.0,1.0,1.0,2.0,43.0,0.0,1.0,0.0,1.0,9.0,296.0,28.0,92.40952134,2.0,1.0
276.0,4.0,3.75,4.0,4.0,4.0,3.5,3.875,0.0,45.0,7.0,23.0,0.0,0.0,2.0,1.0,0.0,0.0,1.0,1.0,5.0,31.0,0.0,0.0,1.0,1.0,7.0,216.0,16.0,93.00000072,2.0,1.0
277.0,2.25,2.5,3.0,2.0,2.666666667,1.0,2.236111111,0.0,9.0,4.0,6.0,0.0,0.0,6.0,1.0,7.0,4.0,1.0,1.0,4.0,30.0,0.0,0.0,0.0,0.0,7.0,1.0,14.0,31.00000024,0.0,0.0
278.0,2.0,2.25,2.333333333,2.666666667,2.333333333,2.0,2.263888889,0.0,9.0,0.0,3.0,0.0,0.0,2.0,0.0,0.0,0.0,1.0,1.0,3.0,24.0,0.0,1.0,0.0,0.0,4.0,3.0,5.0,4.500000179,0.0,0.0
279.0,2.0,2.5,3.0,2.333333333,2.666666667,1.5,2.333333333,0.0,9.0,4.0,0.0,0.0,0.0,3.0,0.0,0.0,0.0,0.0,0.0,3.0,42.0,0.0,0.0,0.0,0.0,5.0,1.0,9.0,5.9999998660000005,0.0,0.0
280.0,2.0,2.0,2.0,2.0,2.0,2.0,2.0,0.0,6.0,5.0,3.0,0.0,0.0,5.0,1.0,0.0,0.0,1.0,1.0,4.0,24.0,0.0,0.0,1.0,0.0,15.0,4.0,35.0,42.14285612,0.0,0.0
281.0,2.75,2.75,2.666666667,2.5,3.0,0.25,2.319444444,3.0,6.0,0.0,4.0,0.0,0.0,7.0,0.0,1.0,1.0,1.0,1.0,4.0,32.0,1.0,0.0,0.0,0.0,6.0,4.0,13.0,5.9999998660000005,0.0,0.0
282.0,2.75,2.5,2.333333333,2.0,3.0,1.75,2.388888889,1.0,6.0,0.0,0.0,4.0,0.0,6.0,0.0,0.0,0.0,1.0,1.0,3.0,22.0,0.0,0.0,1.0,0.0,4.0,36.0,6.0,11.14285737,0.0,0.0
283.0,3.0,2.0,2.333333333,2.5,2.333333333,0.75,2.152777778,2.0,5.0,4.0,0.0,0.0,0.0,6.0,1.0,3.0,0.0,1.0,1.0,5.0,40.0,0.0,0.0,1.0,0.0,9.0,1.0,11.0,59.88571644,0.0,0.0
284.0,2.5,2.75,2.333333333,1.6666666669999999,2.0,2.0,2.208333333,4.0,5.0,5.0,26.0,0.0,0.0,3.0,0.0,0.0,0.0,1.0,1.0,5.0,22.0,0.0,1.0,0.0,0.0,10.0,3.0,31.0,51.68571472,0.0,0.0
285.0,2.0,2.0,2.0,2.0,2.0,1.0,1.8333333330000001,0.0,4.0,0.0,7.0,0.0,8.0,3.0,0.0,1.0,0.0,1.0,1.0,4.0,30.0,0.0,1.0,0.0,0.0,10.0,1.0,26.0,30.14285862,0.0,0.0
286.0,2.0,2.0,2.0,2.0,2.0,1.5,1.9166666669999999,3.0,4.0,5.0,6.0,0.0,0.0,4.0,1.0,5.0,2.0,0.0,0.0,4.0,28.0,0.0,0.0,1.0,0.0,7.0,2.0,9.0,34.3428582,0.0,0.0
287.0,1.75,2.25,2.0,1.5,2.0,2.25,1.9583333330000001,0.0,4.0,4.0,0.0,7.0,0.0,4.0,0.0,0.0,0.0,1.0,1.0,2.0,30.0,0.0,0.0,1.0,0.0,8.0,1.0,14.0,23.28571379,0.0,0.0
288.0,2.0,2.0,2.0,2.0,2.0,2.0,2.0,0.0,4.0,0.0,6.0,0.0,0.0,2.0,0.0,0.0,0.0,1.0,1.0,3.0,32.0,0.0,0.0,1.0,0.0,3.0,1.0,11.0,17.73809493,0.0,0.0
289.0,2.25,1.25,1.6666666669999999,2.166666667,3.0,2.0,2.055555556,3.0,4.0,7.0,7.0,0.0,9.0,4.0,0.0,0.0,0.0,1.0,1.0,4.0,22.0,0.0,1.0,0.0,0.0,16.0,2.0,30.0,46.5428561,0.0,0.0
290.0,1.75,2.25,2.0,2.5,2.666666667,1.5,2.111111111,0.0,4.0,5.0,3.0,0.0,0.0,2.0,1.0,0.0,0.0,1.0,1.0,3.0,18.0,1.0,0.0,1.0,0.0,7.0,1.0,17.0,32.16666579,0.0,0.0
291.0,2.25,2.25,2.333333333,2.666666667,2.333333333,1.25,2.180555556,0.0,4.0,0.0,0.0,0.0,0.0,5.0,0.0,1.0,1.0,1.0,1.0,6.0,29.0,0.0,0.0,1.0,0.0,2.0,1.0,8.0,5.9999998660000005,0.0,0.0
292.0,1.75,1.75,2.666666667,2.166666667,3.0,1.75,2.180555556,0.0,4.0,5.0,8.0,0.0,0.0,7.0,1.0,1.0,0.0,1.0,1.0,4.0,20.0,0.0,1.0,0.0,0.0,10.0,4.0,26.0,44.60000098,0.0,0.0
293.0,3.25,1.5,2.0,2.833333333,3.666666667,0.0,2.208333333,0.0,4.0,6.0,0.0,0.0,0.0,6.0,1.0,4.0,4.0,1.0,1.0,3.0,19.0,0.0,1.0,0.0,0.0,8.0,9.0,13.0,34.94285643,0.0,0.0
294.0,1.5,2.5,3.0,2.0,2.0,2.5,2.25,0.0,4.0,0.0,0.0,0.0,0.0,2.0,0.0,1.0,1.0,1.0,1.0,4.0,31.0,0.0,0.0,1.0,0.0,8.0,10.0,10.0,2.9999999330000002,0.0,0.0
295.0,1.0,2.0,2.0,2.333333333,3.333333333,3.0,2.277777778,0.0,4.0,4.0,0.0,0.0,0.0,5.0,0.0,0.0,0.0,1.0,1.0,2.0,20.0,1.0,0.0,1.0,0.0,4.0,1.0,9.0,31.00000024,0.0,0.0
296.0,2.5,2.0,2.666666667,2.5,2.333333333,2.0,2.333333333,3.0,4.0,5.0,9.0,8.0,0.0,5.0,1.0,1.0,0.0,1.0,1.0,3.0,20.0,0.0,1.0,0.0,0.0,7.0,1.0,19.0,56.285715100000004,0.0,0.0
297.0,2.0,2.75,2.333333333,3.0,3.0,1.0,2.347222222,0.0,4.0,0.0,3.0,0.0,0.0,4.0,0.0,1.0,1.0,1.0,0.0,2.0,34.0,0.0,0.0,1.0,0.0,7.0,2.0,14.0,28.08571458,0.0,0.0
298.0,3.0,2.5,3.0,2.5,2.0,1.25,2.375,0.0,4.0,0.0,0.0,0.0,0.0,6.0,1.0,2.0,1.0,1.0,1.0,3.0,22.0,0.0,0.0,1.0,0.0,2.0,1.0,2.0,5.9999998660000005,0.0,0.0
299.0,1.5,1.5,1.6666666669999999,1.333333333,1.0,0.25,1.208333333,4.0,3.0,3.0,0.0,0.0,0.0,10.0,1.0,0.0,0.0,0.0,0.0,4.0,26.0,0.0,0.0,0.0,0.0,4.0,15.0,9.0,23.28571379,0.0,0.0
300.0,2.25,2.0,1.0,1.166666667,1.333333333,2.5,1.7083333330000001,0.0,3.0,5.0,0.0,0.0,0.0,4.0,1.0,0.0,0.0,1.0,1.0,3.0,19.0,0.0,1.0,0.0,0.0,9.0,3.0,14.0,16.28571451,0.0,0.0
301.0,2.0,2.0,2.333333333,2.166666667,2.0,1.0,1.9166666669999999,2.0,3.0,0.0,0.0,0.0,0.0,5.0,1.0,2.0,2.0,1.0,1.0,5.0,28.0,0.0,0.0,1.0,0.0,2.0,1.0,5.0,24.142856899999998,0.0,0.0
302.0,0.75,2.75,3.333333333,2.333333333,2.666666667,0.5,2.055555556,0.0,3.0,5.0,0.0,0.0,0.0,3.0,0.0,3.0,2.0,0.0,0.0,4.0,35.0,0.0,0.0,1.0,0.0,3.0,6.0,6.0,48.28571379,0.0,0.0
303.0,2.0,2.0,2.666666667,2.333333333,2.0,2.5,2.25,2.0,3.0,9.0,0.0,0.0,0.0,4.0,0.0,0.0,0.0,0.0,0.0,5.0,20.0,0.0,1.0,0.0,0.0,9.0,1.0,19.0,16.71428531,0.0,0.0
304.0,1.5,1.75,2.0,2.5,3.333333333,2.5,2.263888889,2.0,3.0,5.0,6.0,0.0,0.0,2.0,0.0,5.0,5.0,1.0,1.0,2.0,39.0,0.0,0.0,0.0,0.0,10.0,4.0,28.0,47.94285595,0.0,0.0
305.0,2.5,2.0,3.0,2.166666667,2.666666667,1.5,2.305555556,0.0,3.0,5.0,0.0,0.0,0.0,5.0,1.0,0.0,0.0,1.0,1.0,3.0,25.0,0.0,1.0,0.0,0.0,2.0,3.0,2.0,5.9999998660000005,0.0,0.0
306.0,1.0,1.75,3.0,2.333333333,3.333333333,2.5,2.319444444,0.0,3.0,5.0,4.0,0.0,0.0,6.0,1.0,1.0,0.0,1.0,1.0,4.0,42.0,0.0,0.0,1.0,0.0,10.0,5.0,29.0,55.14285564,0.0,0.0
307.0,2.0,2.0,2.333333333,2.166666667,3.0,2.5,2.333333333,0.0,3.0,0.0,0.0,0.0,0.0,4.0,1.0,3.0,1.0,1.0,1.0,4.0,28.0,0.0,0.0,1.0,0.0,5.0,4.0,5.0,24.142856899999998,0.0,0.0
308.0,3.5,2.25,3.0,1.6666666669999999,1.6666666669999999,2.0,2.347222222,0.0,3.0,0.0,0.0,0.0,0.0,6.0,0.0,0.0,0.0,1.0,1.0,5.0,29.0,0.0,0.0,1.0,0.0,8.0,2.0,19.0,24.142856899999998,0.0,0.0
309.0,2.25,2.0,3.0,2.5,2.0,2.5,2.375,4.0,3.0,0.0,0.0,0.0,0.0,4.0,0.0,0.0,0.0,0.0,0.0,2.0,16.0,0.0,0.0,0.0,0.0,3.0,2.0,5.0,5.9999998660000005,0.0,0.0
310.0,1.0,2.0,3.666666667,2.333333333,3.0,2.25,2.375,0.0,3.0,5.0,8.0,0.0,0.0,3.0,1.0,0.0,0.0,1.0,1.0,4.0,23.0,0.0,1.0,0.0,0.0,10.0,2.0,15.0,54.79999781,0.0,0.0
311.0,3.0,2.75,2.333333333,1.8333333330000001,2.666666667,1.75,2.388888889,0.0,3.0,0.0,3.0,0.0,0.0,4.0,1.0,5.0,5.0,1.0,1.0,5.0,20.0,0.0,1.0,0.0,0.0,2.0,1.0,4.0,5.9999998660000005,0.0,0.0
312.0,2.5,2.75,3.333333333,1.8333333330000001,2.333333333,1.75,2.416666667,0.0,3.0,4.0,0.0,0.0,0.0,5.0,0.0,0.0,0.0,1.0,1.0,5.0,19.0,1.0,1.0,0.0,0.0,2.0,15.0,3.0,10.28571427,0.0,0.0
313.0,0.75,1.0,2.666666667,1.166666667,1.0,0.5,1.1805555559999998,0.0,2.0,4.0,0.0,0.0,0.0,6.0,0.0,0.0,0.0,1.0,1.0,2.0,17.0,0.0,1.0,0.0,0.0,10.0,10.0,13.0,23.28571379,0.0,0.0
314.0,1.25,1.75,1.6666666669999999,1.8333333330000001,1.6666666669999999,1.25,1.5694444440000002,0.0,2.0,0.0,0.0,0.0,0.0,4.0,1.0,0.0,0.0,0.0,0.0,3.0,26.0,0.0,1.0,0.0,0.0,1.0,9.0,1.0,16.28571451,0.0,0.0
315.0,1.25,0.75,2.0,2.333333333,2.0,2.0,1.7222222219999999,3.0,2.0,0.0,4.0,0.0,0.0,1.0,0.0,3.0,2.0,1.0,1.0,5.0,27.0,0.0,0.0,1.0,0.0,8.0,1.0,10.0,16.50000066,0.0,0.0
316.0,1.75,1.75,1.6666666669999999,1.8333333330000001,2.666666667,1.5,1.861111111,0.0,2.0,0.0,3.0,0.0,0.0,6.0,1.0,0.0,0.0,1.0,1.0,4.0,21.0,0.0,1.0,0.0,0.0,12.0,1.0,23.0,46.7428565,0.0,0.0
317.0,1.0,2.25,3.333333333,1.333333333,2.333333333,1.0,1.875,0.0,2.0,4.0,0.0,0.0,0.0,2.0,1.0,1.0,1.0,1.0,1.0,2.0,20.0,0.0,1.0,0.0,0.0,4.0,3.0,6.0,28.94285619,0.0,0.0
318.0,2.0,2.0,2.0,2.0,2.0,1.5,1.9166666669999999,0.0,2.0,0.0,0.0,0.0,0.0,3.0,0.0,1.0,0.0,0.0,1.0,3.0,20.0,0.0,0.0,1.0,0.0,3.0,3.0,4.0,8.976190537,0.0,0.0
319.0,1.0,2.25,2.333333333,2.166666667,2.333333333,1.5,1.9305555559999998,0.0,2.0,0.0,0.0,0.0,0.0,8.0,0.0,0.0,0.0,1.0,0.0,2.0,19.0,0.0,1.0,0.0,0.0,5.0,8.0,5.0,24.142856899999998,0.0,0.0
320.0,1.0,2.5,2.666666667,2.0,3.0,0.5,1.9444444440000002,0.0,2.0,0.0,0.0,0.0,0.0,5.0,1.0,0.0,0.0,1.0,1.0,3.0,23.0,0.0,1.0,0.0,0.0,2.0,4.0,2.0,4.500000179,0.0,0.0
321.0,2.0,2.25,2.666666667,1.5,2.333333333,1.0,1.9583333330000001,4.0,2.0,0.0,9.0,0.0,5.0,4.0,1.0,4.0,0.0,1.0,1.0,4.0,23.0,0.0,1.0,0.0,0.0,5.0,2.0,8.0,25.0,0.0,0.0
322.0,1.75,1.75,2.333333333,2.0,1.6666666669999999,2.25,1.9583333330000001,2.0,2.0,0.0,0.0,6.0,0.0,5.0,0.0,3.0,2.0,1.0,0.0,6.0,43.0,1.0,0.0,1.0,0.0,18.0,1.0,25.0,35.28571427,0.0,0.0
323.0,1.5,3.0,3.0,1.5,3.0,0.25,2.041666667,1.0,2.0,0.0,0.0,0.0,0.0,4.0,0.0,0.0,0.0,1.0,1.0,3.0,25.0,0.0,1.0,0.0,0.0,5.0,1.0,7.0,15.428571400000001,0.0,0.0
324.0,2.25,2.25,2.333333333,1.166666667,2.333333333,2.25,2.097222222,0.0,2.0,4.0,7.0,0.0,0.0,5.0,0.0,0.0,0.0,1.0,1.0,3.0,22.0,0.0,1.0,0.0,0.0,6.0,1.0,15.0,44.94285583,0.0,0.0
325.0,2.75,1.75,1.6666666669999999,2.666666667,2.666666667,1.25,2.125,0.0,2.0,5.0,0.0,3.0,0.0,5.0,1.0,1.0,0.0,1.0,1.0,4.0,22.0,0.0,1.0,0.0,0.0,4.0,5.0,8.0,25.72857141,0.0,0.0
326.0,1.75,2.0,3.0,1.5,2.333333333,2.25,2.138888889,0.0,2.0,0.0,0.0,0.0,0.0,8.0,0.0,4.0,3.0,1.0,1.0,5.0,38.0,0.0,0.0,1.0,0.0,4.0,1.0,4.0,5.9999998660000005,0.0,0.0
327.0,1.75,2.25,1.6666666669999999,2.0,2.666666667,2.5,2.138888889,0.0,2.0,5.0,3.0,0.0,0.0,3.0,0.0,1.0,1.0,1.0,1.0,2.0,19.0,0.0,1.0,0.0,0.0,13.0,2.0,20.0,57.94285536,0.0,0.0
328.0,1.5,1.75,3.0,1.8333333330000001,2.333333333,2.5,2.152777778,0.0,2.0,4.0,0.0,0.0,0.0,4.0,0.0,1.0,0.0,1.0,1.0,2.0,17.0,0.0,1.0,0.0,0.0,5.0,10.0,5.0,23.28571379,0.0,0.0
329.0,2.25,1.75,2.0,2.0,2.0,3.0,2.166666667,0.0,2.0,0.0,0.0,0.0,0.0,2.0,1.0,0.0,0.0,1.0,1.0,5.0,32.0,0.0,0.0,1.0,0.0,16.0,10.0,27.0,39.014285799999996,0.0,0.0
330.0,3.0,2.25,2.333333333,2.833333333,2.0,0.75,2.194444444,4.0,2.0,5.0,7.0,0.0,0.0,4.0,1.0,1.0,1.0,1.0,1.0,3.0,48.0,0.0,0.0,1.0,0.0,11.0,8.0,20.0,37.75238097,0.0,0.0
331.0,2.0,1.75,2.0,2.333333333,2.0,3.25,2.222222222,0.0,2.0,0.0,0.0,0.0,0.0,1.0,0.0,0.0,0.0,1.0,1.0,4.0,34.0,0.0,0.0,1.0,0.0,2.0,2.0,2.0,2.9999999330000002,0.0,0.0
332.0,2.0,2.5,2.333333333,2.333333333,2.666666667,1.5,2.222222222,2.0,2.0,0.0,0.0,0.0,0.0,3.0,0.0,3.0,2.0,1.0,0.0,3.0,25.0,1.0,1.0,0.0,0.0,3.0,7.0,4.0,4.800000042,0.0,0.0
333.0,3.0,2.0,1.0,2.5,3.666666667,1.25,2.236111111,2.0,2.0,0.0,6.0,0.0,0.0,5.0,0.0,0.0,0.0,1.0,1.0,3.0,25.0,0.0,1.0,0.0,0.0,8.0,8.0,19.0,38.24285567,0.0,0.0
334.0,2.0,3.25,1.0,2.333333333,1.6666666669999999,3.25,2.25,4.0,2.0,0.0,0.0,0.0,0.0,4.0,0.0,0.0,0.0,1.0,1.0,3.0,17.0,0.0,1.0,0.0,0.0,1.0,10.0,1.0,11.99999973,0.0,0.0
335.0,2.0,2.5,2.333333333,2.666666667,2.666666667,1.5,2.277777778,0.0,2.0,0.0,0.0,0.0,0.0,5.0,1.0,0.0,0.0,0.0,1.0,5.0,34.0,0.0,0.0,1.0,0.0,3.0,5.0,4.0,7.2857141489999995,0.0,0.0
336.0,2.25,3.0,2.333333333,2.5,2.666666667,1.0,2.291666667,0.0,2.0,0.0,0.0,0.0,0.0,3.0,0.0,5.0,3.0,1.0,0.0,2.0,27.0,0.0,1.0,0.0,0.0,2.0,5.0,2.0,24.142856899999998,0.0,0.0
337.0,2.25,2.5,2.333333333,2.166666667,3.333333333,1.25,2.305555556,0.0,2.0,5.0,0.0,0.0,0.0,3.0,1.0,7.0,4.0,0.0,0.0,4.0,23.0,0.0,0.0,1.0,0.0,5.0,1.0,5.0,20.33333331,0.0,0.0
338.0,2.25,2.75,3.0,2.5,2.333333333,1.25,2.347222222,0.0,2.0,0.0,0.0,0.0,5.0,6.0,0.0,0.0,0.0,1.0,1.0,5.0,29.0,0.0,0.0,1.0,0.0,4.0,5.0,6.0,13.71428519,0.0,0.0
339.0,2.75,2.25,2.0,1.8333333330000001,3.0,2.25,2.347222222,2.0,2.0,0.0,0.0,0.0,0.0,5.0,1.0,0.0,0.0,0.0,1.0,5.0,22.0,0.0,1.0,0.0,0.0,1.0,8.0,1.0,21.78571373,0.0,0.0
340.0,2.0,1.75,2.333333333,0.666666667,2.333333333,0.0,1.513888889,0.0,1.0,6.0,7.0,0.0,6.0,4.0,1.0,0.0,0.0,1.0,1.0,3.0,31.0,0.0,0.0,1.0,0.0,6.0,1.0,8.0,41.14285707,0.0,0.0
341.0,2.75,1.0,2.333333333,0.833333333,2.0,1.5,1.736111111,2.0,1.0,0.0,7.0,5.0,0.0,3.0,0.0,0.0,0.0,0.0,0.0,2.0,18.0,0.0,1.0,0.0,0.0,12.0,2.0,33.0,44.14285719,0.0,0.0
342.0,1.5,2.0,2.333333333,2.5,2.0,0.25,1.763888889,1.0,1.0,0.0,3.0,0.0,0.0,1.0,1.0,4.0,4.0,0.0,0.0,6.0,41.0,0.0,0.0,1.0,0.0,10.0,10.0,19.0,51.34285688,0.0,0.0
343.0,1.25,1.5,2.666666667,2.333333333,3.0,1.5,2.041666667,0.0,1.0,0.0,5.0,0.0,0.0,3.0,1.0,1.0,1.0,1.0,1.0,3.0,42.0,0.0,0.0,1.0,0.0,4.0,1.0,4.0,9.642857313,0.0,0.0
344.0,0.0,2.5,3.333333333,3.333333333,3.333333333,0.0,2.083333333,4.0,1.0,0.0,0.0,0.0,0.0,4.0,1.0,5.0,1.0,1.0,1.0,4.0,46.0,0.0,0.0,1.0,0.0,1.0,1.0,2.0,5.9999998660000005,0.0,0.0
345.0,2.75,2.0,2.666666667,2.166666667,2.333333333,1.75,2.277777778,2.0,1.0,6.0,6.0,0.0,0.0,6.0,0.0,0.0,0.0,1.0,1.0,1.0,16.0,0.0,1.0,0.0,0.0,4.0,2.0,9.0,24.142856899999998,0.0,0.0
346.0,1.75,2.0,1.6666666669999999,2.333333333,3.333333333,2.75,2.305555556,0.0,1.0,0.0,0.0,0.0,0.0,2.0,1.0,0.0,0.0,1.0,1.0,2.0,42.0,0.0,0.0,0.0,0.0,3.0,1.0,7.0,4.500000179,0.0,0.0
347.0,2.5,2.5,3.0,1.8333333330000001,2.0,2.5,2.388888889,0.0,1.0,0.0,0.0,0.0,0.0,6.0,0.0,0.0,0.0,1.0,1.0,2.0,28.0,0.0,0.0,1.0,0.0,2.0,40.0,4.0,7.928571105,0.0,0.0
348.0,1.0,1.25,2.0,1.333333333,1.6666666669999999,0.75,1.333333333,5.0,0.0,0.0,0.0,0.0,0.0,3.0,0.0,0.0,0.0,1.0,1.0,2.0,19.0,0.0,1.0,0.0,0.0,2.0,13.0,3.0,0.0,0.0,0.0
349.0,1.0,1.75,1.0,1.6666666669999999,2.333333333,0.25,1.333333333,3.0,0.0,0.0,0.0,0.0,0.0,3.0,1.0,8.0,3.0,0.0,0.0,6.0,28.0,0.0,0.0,0.0,0.0,3.0,26.0,4.0,5.9999998660000005,0.0,0.0
350.0,0.5,1.5,1.6666666669999999,2.166666667,1.0,1.5,1.388888889,3.0,0.0,0.0,0.0,0.0,0.0,3.0,1.0,0.0,0.0,1.0,1.0,2.0,27.0,0.0,0.0,1.0,0.0,2.0,17.0,3.0,0.0,0.0,0.0
351.0,1.75,2.25,2.0,1.166666667,0.666666667,0.75,1.4305555559999998,4.0,0.0,0.0,6.0,0.0,0.0,3.0,1.0,0.0,0.0,1.0,1.0,3.0,21.0,1.0,1.0,0.0,0.0,17.0,1.0,27.0,57.08571672,0.0,0.0
352.0,1.5,1.5,1.333333333,1.6666666669999999,1.0,1.75,1.4583333330000001,5.0,0.0,0.0,0.0,0.0,0.0,3.0,0.0,0.0,0.0,1.0,1.0,3.0,27.0,0.0,0.0,1.0,0.0,1.0,1.0,1.0,0.0,0.0,0.0
353.0,2.25,1.75,1.333333333,1.0,2.0,0.5,1.4722222219999999,3.0,0.0,0.0,0.0,0.0,0.0,3.0,0.0,3.0,2.0,0.0,0.0,3.0,44.0,0.0,0.0,1.0,0.0,1.0,1.0,1.0,0.0,0.0,0.0
354.0,1.25,1.25,1.333333333,1.5,2.0,1.75,1.513888889,0.0,0.0,0.0,0.0,0.0,0.0,2.0,0.0,4.0,5.0,1.0,1.0,3.0,47.0,0.0,0.0,1.0,0.0,1.0,4.0,1.0,0.0,0.0,0.0
355.0,0.5,2.0,2.0,1.166666667,2.333333333,1.25,1.5416666669999999,4.0,0.0,0.0,0.0,0.0,0.0,7.0,1.0,0.0,0.0,0.0,0.0,5.0,34.0,0.0,0.0,1.0,0.0,2.0,13.0,2.0,0.0,0.0,0.0
356.0,2.5,1.75,1.0,1.333333333,1.0,2.0,1.5972222219999999,0.0,0.0,6.0,0.0,0.0,0.0,2.0,0.0,4.0,4.0,1.0,0.0,5.0,30.0,0.0,1.0,0.0,0.0,1.0,8.0,1.0,2.9999999330000002,0.0,0.0
357.0,1.5,1.0,1.6666666669999999,2.5,1.6666666669999999,1.25,1.5972222219999999,5.0,0.0,0.0,0.0,0.0,0.0,2.0,1.0,1.0,0.0,1.0,1.0,2.0,19.0,0.0,1.0,0.0,0.0,1.0,12.0,2.0,5.9999998660000005,0.0,0.0
358.0,1.5,1.5,1.333333333,1.6666666669999999,2.0,1.75,1.625,0.0,0.0,0.0,0.0,7.0,0.0,1.0,1.0,2.0,2.0,1.0,0.0,5.0,32.0,0.0,0.0,0.0,0.0,4.0,10.0,6.0,5.9999998660000005,0.0,0.0
359.0,2.0,2.0,2.0,1.8333333330000001,1.333333333,0.75,1.6527777780000001,0.0,0.0,0.0,0.0,0.0,0.0,5.0,1.0,0.0,0.0,1.0,1.0,6.0,23.0,0.0,1.0,0.0,0.0,1.0,1.0,1.0,0.0,0.0,0.0
360.0,2.5,1.5,1.6666666669999999,0.833333333,2.0,1.5,1.6666666669999999,5.0,0.0,5.0,0.0,0.0,0.0,2.0,1.0,1.0,1.0,1.0,1.0,5.0,33.0,0.0,0.0,1.0,0.0,13.0,2.0,16.0,5.9999998660000005,0.0,0.0
361.0,0.75,1.25,1.6666666669999999,2.5,2.666666667,1.75,1.763888889,1.0,0.0,0.0,0.0,0.0,0.0,2.0,1.0,4.0,6.0,1.0,0.0,6.0,40.0,0.0,0.0,1.0,0.0,1.0,1.0,2.0,0.0,0.0,0.0
362.0,2.0,1.5,2.333333333,1.333333333,3.0,0.5,1.7777777780000001,0.0,0.0,0.0,0.0,0.0,0.0,5.0,0.0,0.0,3.0,1.0,1.0,4.0,25.0,1.0,0.0,0.0,0.0,2.0,1.0,2.0,0.0,0.0,0.0
363.0,1.5,2.0,1.6666666669999999,2.166666667,2.333333333,1.0,1.7777777780000001,0.0,0.0,5.0,0.0,0.0,0.0,3.0,0.0,2.0,0.0,1.0,1.0,4.0,37.0,0.0,0.0,1.0,0.0,3.0,12.0,5.0,5.9999998660000005,0.0,0.0
364.0,2.0,2.0,2.0,2.0,2.0,1.0,1.8333333330000001,0.0,0.0,0.0,0.0,0.0,0.0,3.0,1.0,0.0,0.0,1.0,1.0,5.0,36.0,0.0,0.0,1.0,0.0,1.0,7.0,1.0,0.0,0.0,0.0
365.0,1.75,2.0,1.6666666669999999,2.833333333,2.0,0.75,1.8333333330000001,0.0,0.0,5.0,0.0,0.0,0.0,1.0,1.0,5.0,5.0,0.0,0.0,5.0,20.0,0.0,1.0,0.0,0.0,2.0,4.0,3.0,5.9999998660000005,0.0,0.0
366.0,1.0,2.0,1.6666666669999999,2.166666667,2.0,2.25,1.8472222219999999,4.0,0.0,0.0,0.0,0.0,0.0,3.0,1.0,5.0,3.0,1.0,0.0,6.0,24.0,0.0,1.0,0.0,0.0,1.0,1.0,1.0,0.0,0.0,0.0
367.0,2.0,1.0,2.666666667,2.166666667,3.333333333,0.0,1.861111111,0.0,0.0,0.0,0.0,0.0,0.0,3.0,1.0,3.0,2.0,1.0,0.0,5.0,30.0,0.0,0.0,1.0,0.0,1.0,1.0,1.0,0.0,0.0,0.0
368.0,1.75,1.75,1.333333333,2.333333333,2.333333333,1.75,1.875,2.0,0.0,0.0,6.0,0.0,0.0,5.0,1.0,4.0,2.0,1.0,1.0,4.0,21.0,0.0,1.0,0.0,0.0,7.0,1.0,11.0,14.5714283,0.0,0.0
369.0,1.0,1.5,3.0,2.0,2.333333333,1.5,1.888888889,2.0,0.0,0.0,0.0,0.0,0.0,2.0,1.0,2.0,2.0,0.0,0.0,3.0,21.0,1.0,1.0,0.0,0.0,1.0,2.0,1.0,0.0,0.0,0.0
370.0,1.5,2.25,2.666666667,1.8333333330000001,2.333333333,0.75,1.888888889,0.0,0.0,0.0,0.0,0.0,0.0,1.0,0.0,0.0,0.0,0.0,0.0,2.0,18.0,0.0,1.0,0.0,0.0,1.0,7.0,1.0,0.0,0.0,0.0
371.0,2.0,2.25,2.333333333,2.0,1.333333333,1.5,1.9027777780000001,0.0,0.0,0.0,0.0,0.0,0.0,7.0,0.0,0.0,0.0,1.0,1.0,4.0,20.0,0.0,1.0,0.0,0.0,1.0,1.0,1.0,0.0,0.0,0.0
372.0,3.5,2.0,0.333333333,2.0,2.333333333,1.25,1.9027777780000001,0.0,0.0,0.0,5.0,0.0,0.0,7.0,1.0,1.0,1.0,1.0,1.0,6.0,22.0,0.0,0.0,1.0,0.0,1.0,2.0,3.0,13.92857134,0.0,0.0
373.0,1.75,1.75,2.0,2.0,2.0,2.0,1.9166666669999999,0.0,0.0,0.0,0.0,0.0,0.0,6.0,0.0,0.0,0.0,1.0,1.0,4.0,32.0,0.0,0.0,1.0,0.0,1.0,5.0,2.0,0.0,0.0,0.0
374.0,2.0,1.75,2.333333333,1.5,2.0,2.0,1.9305555559999998,4.0,0.0,0.0,0.0,0.0,0.0,5.0,1.0,5.0,5.0,1.0,0.0,6.0,40.0,0.0,0.0,1.0,0.0,1.0,1.0,1.0,0.0,0.0,0.0
375.0,2.0,2.0,2.0,1.8333333330000001,2.0,1.75,1.9305555559999998,0.0,0.0,0.0,3.0,0.0,0.0,4.0,0.0,1.0,0.0,0.0,1.0,3.0,21.0,0.0,1.0,0.0,0.0,2.0,4.0,3.0,4.500000179,0.0,0.0
376.0,1.0,2.0,2.0,2.333333333,2.333333333,2.0,1.9444444440000002,2.0,0.0,0.0,0.0,0.0,0.0,3.0,0.0,3.0,1.0,1.0,1.0,5.0,29.0,1.0,0.0,1.0,0.0,3.0,5.0,3.0,0.0,0.0,0.0
377.0,1.75,2.0,2.0,1.6666666669999999,2.0,2.25,1.9444444440000002,0.0,0.0,0.0,0.0,0.0,0.0,4.0,0.0,1.0,1.0,1.0,1.0,3.0,24.0,0.0,1.0,0.0,0.0,1.0,18.0,1.0,0.0,0.0,0.0
378.0,1.75,2.0,2.0,2.0,2.0,2.0,1.9583333330000001,2.0,0.0,0.0,0.0,0.0,0.0,2.0,0.0,5.0,5.0,1.0,1.0,5.0,25.0,0.0,0.0,1.0,0.0,1.0,20.0,1.0,0.0,0.0,0.0
379.0,2.0,2.0,2.666666667,2.833333333,2.0,0.25,1.9583333330000001,0.0,0.0,0.0,0.0,0.0,0.0,2.0,0.0,4.0,2.0,1.0,1.0,3.0,28.0,1.0,1.0,0.0,0.0,4.0,1.0,4.0,11.14285737,0.0,0.0
380.0,2.75,2.25,1.6666666669999999,1.6666666669999999,1.333333333,2.25,1.986111111,2.0,0.0,6.0,0.0,0.0,0.0,5.0,1.0,2.0,2.0,1.0,1.0,3.0,22.0,0.0,0.0,0.0,0.0,4.0,7.0,4.0,4.500000179,0.0,0.0
381.0,2.0,2.5,2.333333333,2.333333333,2.333333333,0.5,2.0,0.0,0.0,0.0,9.0,0.0,0.0,4.0,1.0,5.0,7.0,1.0,1.0,7.0,47.0,0.0,0.0,1.0,0.0,20.0,3.0,26.0,42.14285612,0.0,0.0
382.0,2.0,2.0,2.0,2.0,2.0,2.0,2.0,0.0,0.0,0.0,0.0,0.0,0.0,3.0,0.0,5.0,5.0,1.0,1.0,3.0,46.0,0.0,0.0,0.0,0.0,1.0,4.0,1.0,0.0,0.0,0.0
383.0,2.0,2.0,2.0,2.0,2.0,2.0,2.0,0.0,0.0,0.0,0.0,0.0,0.0,4.0,0.0,1.0,1.0,1.0,1.0,2.0,15.0,1.0,1.0,0.0,0.0,1.0,15.0,1.0,0.0,0.0,0.0
384.0,2.0,2.0,2.0,2.0,2.0,2.0,2.0,0.0,0.0,0.0,0.0,0.0,0.0,2.0,1.0,0.0,0.0,1.0,1.0,3.0,38.0,0.0,0.0,1.0,0.0,2.0,1.0,4.0,1.4999999659999999,0.0,0.0
385.0,2.0,2.0,2.0,2.0,2.0,2.0,2.0,0.0,0.0,4.0,0.0,0.0,0.0,5.0,1.0,1.0,1.0,0.0,0.0,3.0,24.0,0.0,1.0,0.0,0.0,1.0,2.0,1.0,2.9999999330000002,0.0,0.0
386.0,2.0,2.0,2.0,2.0,2.0,2.0,2.0,0.0,0.0,5.0,0.0,0.0,0.0,8.0,0.0,1.0,1.0,1.0,1.0,5.0,53.0,0.0,0.0,1.0,0.0,7.0,2.0,14.0,11.14285737,0.0,0.0
387.0,1.75,2.25,3.333333333,2.0,1.6666666669999999,1.0,2.0,4.0,0.0,4.0,3.0,0.0,0.0,3.0,0.0,4.0,1.0,1.0,1.0,6.0,34.0,0.0,0.0,1.0,0.0,4.0,1.0,6.0,25.0,0.0,0.0
388.0,2.0,2.25,2.666666667,2.166666667,1.6666666669999999,1.25,2.0,6.0,0.0,0.0,0.0,0.0,0.0,5.0,1.0,3.0,2.0,1.0,1.0,3.0,27.0,0.0,0.0,1.0,0.0,1.0,5.0,1.0,0.0,0.0,0.0
389.0,2.0,2.0,2.0,2.166666667,2.0,2.0,2.027777778,0.0,0.0,0.0,0.0,0.0,0.0,5.0,0.0,0.0,0.0,0.0,0.0,3.0,24.0,0.0,1.0,0.0,0.0,2.0,3.0,2.0,0.0,0.0,0.0
390.0,1.75,2.25,2.0,3.0,1.6666666669999999,1.5,2.027777778,0.0,0.0,0.0,0.0,0.0,0.0,6.0,1.0,0.0,0.0,1.0,1.0,3.0,31.0,0.0,0.0,0.0,0.0,2.0,3.0,2.0,0.0,0.0,0.0
391.0,2.0,2.25,2.333333333,1.8333333330000001,2.333333333,1.5,2.041666667,0.0,0.0,0.0,0.0,0.0,0.0,4.0,0.0,0.0,0.0,1.0,1.0,4.0,34.0,0.0,0.0,1.0,0.0,1.0,16.0,1.0,0.0,0.0,0.0
392.0,2.5,1.75,2.0,2.0,2.0,2.0,2.041666667,0.0,0.0,0.0,0.0,0.0,0.0,5.0,0.0,4.0,2.0,1.0,1.0,3.0,23.0,1.0,1.0,0.0,0.0,1.0,1.0,1.0,0.0,0.0,0.0
393.0,1.75,1.5,2.333333333,2.333333333,2.666666667,1.75,2.055555556,2.0,0.0,0.0,0.0,0.0,0.0,6.0,0.0,0.0,0.0,1.0,1.0,2.0,18.0,0.0,0.0,0.0,0.0,3.0,1.0,4.0,5.9999998660000005,0.0,0.0
394.0,2.5,2.0,2.0,2.0,2.0,2.0,2.083333333,1.0,0.0,0.0,0.0,0.0,0.0,3.0,0.0,5.0,4.0,1.0,1.0,5.0,26.0,0.0,0.0,1.0,0.0,1.0,1.0,2.0,0.0,0.0,0.0
395.0,1.25,1.75,2.0,1.8333333330000001,2.666666667,3.0,2.083333333,0.0,0.0,0.0,0.0,0.0,0.0,3.0,0.0,1.0,0.0,0.0,0.0,5.0,23.0,0.0,0.0,0.0,0.0,1.0,1.0,1.0,0.0,0.0,0.0
396.0,1.75,1.5,2.666666667,2.0,2.333333333,2.25,2.083333333,0.0,0.0,5.0,0.0,0.0,0.0,5.0,1.0,0.0,0.0,1.0,1.0,3.0,17.0,1.0,0.0,1.0,0.0,1.0,7.0,1.0,1.4999999659999999,0.0,0.0
397.0,2.75,1.5,2.0,2.666666667,1.6666666669999999,2.0,2.097222222,2.0,0.0,5.0,0.0,0.0,0.0,6.0,1.0,4.0,2.0,1.0,1.0,4.0,20.0,0.0,1.0,0.0,0.0,2.0,3.0,2.0,5.9999998660000005,0.0,0.0
398.0,1.25,2.5,4.0,2.333333333,1.333333333,1.25,2.111111111,0.0,0.0,0.0,0.0,0.0,0.0,4.0,0.0,1.0,0.0,1.0,1.0,3.0,21.0,1.0,1.0,0.0,0.0,1.0,4.0,1.0,0.0,0.0,0.0
399.0,1.5,1.75,3.0,2.333333333,2.333333333,1.75,2.111111111,0.0,0.0,5.0,0.0,0.0,0.0,4.0,1.0,0.0,0.0,1.0,1.0,3.0,22.0,0.0,1.0,0.0,0.0,1.0,4.0,1.0,5.9999998660000005,0.0,0.0
400.0,1.25,1.75,3.0,2.666666667,2.0,2.0,2.111111111,0.0,0.0,0.0,0.0,0.0,0.0,2.0,0.0,5.0,1.0,1.0,1.0,4.0,32.0,1.0,0.0,0.0,0.0,1.0,1.0,1.0,0.0,0.0,0.0
401.0,0.75,2.25,4.0,2.333333333,2.666666667,0.75,2.125,4.0,0.0,5.0,0.0,0.0,0.0,4.0,1.0,0.0,0.0,0.0,1.0,5.0,24.0,0.0,0.0,0.0,0.0,1.0,4.0,3.0,1.4999999659999999,0.0,0.0
402.0,1.5,2.25,2.0,2.0,2.0,3.0,2.125,0.0,0.0,0.0,0.0,0.0,0.0,5.0,0.0,0.0,0.0,1.0,1.0,5.0,33.0,0.0,0.0,1.0,0.0,3.0,6.0,4.0,1.4999999659999999,0.0,0.0
403.0,2.0,2.0,3.0,2.166666667,2.333333333,1.25,2.125,0.0,0.0,0.0,3.0,0.0,0.0,4.0,1.0,4.0,3.0,1.0,1.0,6.0,28.0,0.0,0.0,1.0,0.0,4.0,13.0,5.0,5.9999998660000005,0.0,0.0
404.0,2.5,2.75,1.333333333,1.166666667,2.333333333,2.75,2.138888889,2.0,0.0,0.0,0.0,0.0,0.0,8.0,0.0,0.0,0.0,1.0,1.0,2.0,20.0,0.0,1.0,0.0,0.0,1.0,5.0,1.0,0.0,0.0,0.0
405.0,2.0,2.0,2.0,2.0,2.333333333,2.5,2.138888889,0.0,0.0,0.0,0.0,0.0,0.0,4.0,0.0,2.0,1.0,1.0,1.0,3.0,30.0,0.0,0.0,1.0,0.0,1.0,9.0,3.0,0.0,0.0,0.0
406.0,2.0,2.0,2.0,2.166666667,2.666666667,2.0,2.138888889,2.0,0.0,0.0,0.0,0.0,0.0,6.0,0.0,0.0,0.0,1.0,1.0,3.0,20.0,0.0,1.0,0.0,0.0,6.0,2.0,9.0,4.500000179,0.0,0.0
407.0,1.75,2.5,3.0,2.333333333,2.333333333,1.0,2.152777778,2.0,0.0,0.0,8.0,0.0,0.0,6.0,1.0,3.0,0.0,1.0,1.0,3.0,23.0,0.0,1.0,0.0,0.0,5.0,1.0,9.0,18.00000072,0.0,0.0
408.0,1.5,2.75,2.666666667,2.166666667,3.333333333,0.5,2.152777778,5.0,0.0,0.0,0.0,0.0,0.0,1.0,0.0,2.0,0.0,1.0,1.0,3.0,49.0,0.0,0.0,1.0,0.0,1.0,3.0,1.0,0.0,0.0,0.0
409.0,2.5,2.25,2.333333333,1.6666666669999999,1.6666666669999999,2.5,2.152777778,0.0,0.0,5.0,0.0,0.0,0.0,4.0,0.0,1.0,4.0,1.0,1.0,4.0,36.0,0.0,0.0,1.0,0.0,2.0,8.0,2.0,5.9999998660000005,0.0,0.0
410.0,2.25,2.0,1.333333333,2.833333333,3.333333333,1.25,2.166666667,0.0,0.0,0.0,0.0,8.0,0.0,3.0,0.0,1.0,0.0,1.0,1.0,5.0,24.0,0.0,0.0,0.0,0.0,2.0,16.0,3.0,4.500000179,0.0,0.0
411.0,2.5,2.0,2.333333333,2.0,2.666666667,1.5,2.166666667,0.0,0.0,0.0,0.0,0.0,0.0,4.0,1.0,4.0,3.0,1.0,1.0,6.0,40.0,0.0,0.0,1.0,0.0,1.0,1.0,2.0,0.0,0.0,0.0
412.0,2.0,1.75,3.0,2.166666667,2.333333333,1.75,2.166666667,0.0,0.0,0.0,0.0,0.0,0.0,3.0,0.0,1.0,1.0,1.0,0.0,5.0,32.0,0.0,0.0,1.0,0.0,10.0,2.0,15.0,0.0,0.0,0.0
413.0,2.0,2.0,2.0,2.0,2.0,3.0,2.166666667,0.0,0.0,0.0,0.0,0.0,0.0,6.0,0.0,0.0,0.0,1.0,1.0,3.0,46.0,0.0,0.0,1.0,0.0,1.0,1.0,1.0,0.0,0.0,0.0
414.0,2.0,2.0,4.0,1.8333333330000001,2.666666667,0.5,2.166666667,0.0,0.0,0.0,0.0,0.0,0.0,2.0,0.0,1.0,0.0,1.0,1.0,2.0,42.0,0.0,0.0,0.0,0.0,3.0,1.0,3.0,4.500000179,0.0,0.0
415.0,2.0,2.0,2.0,2.0,2.0,3.0,2.166666667,0.0,0.0,0.0,12.0,0.0,0.0,6.0,1.0,1.0,0.0,1.0,1.0,4.0,25.0,0.0,0.0,1.0,0.0,8.0,9.0,14.0,36.48571372,0.0,0.0
416.0,1.25,2.5,1.333333333,1.5,3.0,3.5,2.180555556,2.0,0.0,0.0,0.0,0.0,0.0,2.0,0.0,0.0,0.0,0.0,0.0,2.0,19.0,0.0,0.0,0.0,0.0,1.0,11.0,1.0,0.0,0.0,0.0
417.0,2.0,2.75,2.666666667,1.6666666669999999,2.0,2.0,2.180555556,4.0,0.0,0.0,0.0,0.0,0.0,4.0,1.0,0.0,0.0,1.0,1.0,3.0,21.0,0.0,1.0,0.0,0.0,1.0,1.0,1.0,0.0,0.0,0.0
418.0,2.5,2.25,2.0,2.166666667,2.666666667,1.5,2.180555556,0.0,0.0,0.0,0.0,0.0,0.0,5.0,1.0,0.0,0.0,1.0,1.0,3.0,20.0,0.0,1.0,0.0,0.0,1.0,4.0,1.0,4.500000179,0.0,0.0
419.0,0.5,2.0,2.666666667,2.166666667,2.0,3.75,2.180555556,0.0,0.0,5.0,3.0,4.0,0.0,6.0,0.0,4.0,3.0,1.0,1.0,3.0,35.0,0.0,0.0,1.0,0.0,9.0,3.0,20.0,23.28571379,0.0,0.0
420.0,2.25,1.0,3.333333333,2.0,2.666666667,2.0,2.208333333,2.0,0.0,0.0,0.0,0.0,0.0,6.0,1.0,0.0,0.0,1.0,1.0,4.0,35.0,0.0,0.0,0.0,0.0,1.0,10.0,1.0,0.0,0.0,0.0
421.0,2.75,3.0,2.0,1.0,3.0,1.5,2.208333333,0.0,0.0,0.0,0.0,0.0,0.0,4.0,0.0,3.0,0.0,1.0,1.0,2.0,19.0,0.0,1.0,0.0,0.0,1.0,1.0,1.0,0.0,0.0,0.0
422.0,2.0,1.25,1.0,2.666666667,2.333333333,4.0,2.208333333,0.0,0.0,0.0,0.0,0.0,0.0,7.0,0.0,0.0,0.0,1.0,1.0,3.0,28.0,0.0,0.0,1.0,0.0,4.0,2.0,6.0,2.9999999330000002,0.0,0.0
423.0,2.0,1.5,2.0,2.333333333,2.666666667,2.75,2.208333333,0.0,0.0,0.0,3.0,0.0,0.0,4.0,0.0,3.0,2.0,1.0,1.0,5.0,30.0,0.0,0.0,1.0,0.0,3.0,3.0,3.0,2.9999999330000002,0.0,0.0
424.0,2.5,2.0,2.333333333,2.166666667,2.0,2.25,2.208333333,0.0,0.0,5.0,3.0,0.0,0.0,2.0,1.0,1.0,1.0,0.0,1.0,3.0,31.0,0.0,0.0,1.0,0.0,4.0,2.0,4.0,5.9999998660000005,0.0,0.0
425.0,1.25,2.25,3.333333333,2.333333333,2.666666667,1.5,2.222222222,5.0,0.0,0.0,0.0,0.0,0.0,6.0,1.0,0.0,0.0,1.0,1.0,3.0,21.0,0.0,1.0,0.0,0.0,1.0,1.0,1.0,0.0,0.0,0.0
426.0,2.25,2.75,2.666666667,2.666666667,2.0,1.0,2.222222222,2.0,0.0,6.0,0.0,0.0,0.0,3.0,1.0,1.0,0.0,1.0,1.0,5.0,28.0,0.0,0.0,1.0,0.0,2.0,8.0,4.0,2.9999999330000002,0.0,0.0
427.0,2.0,2.0,3.666666667,2.0,2.666666667,1.0,2.222222222,0.0,0.0,5.0,0.0,0.0,0.0,1.0,1.0,4.0,5.0,1.0,1.0,4.0,27.0,0.0,0.0,1.0,0.0,9.0,10.0,14.0,9.642857313,0.0,0.0
428.0,3.0,1.25,2.666666667,2.0,2.666666667,1.75,2.222222222,0.0,0.0,0.0,0.0,0.0,0.0,4.0,1.0,6.0,6.0,1.0,1.0,2.0,46.0,0.0,0.0,1.0,0.0,3.0,1.0,8.0,24.142856899999998,0.0,0.0
429.0,2.5,2.5,2.333333333,2.333333333,2.0,1.75,2.236111111,0.0,0.0,0.0,0.0,0.0,0.0,7.0,0.0,0.0,0.0,1.0,1.0,3.0,23.0,0.0,1.0,0.0,0.0,1.0,1.0,2.0,0.0,0.0,0.0
430.0,2.5,2.25,2.666666667,1.6666666669999999,2.333333333,2.0,2.236111111,0.0,0.0,0.0,0.0,0.0,0.0,3.0,0.0,5.0,4.0,1.0,1.0,6.0,30.0,0.0,0.0,0.0,0.0,2.0,1.0,1.0,0.0,0.0,0.0
431.0,3.0,2.5,2.0,2.0,2.666666667,1.25,2.236111111,2.0,0.0,0.0,6.0,0.0,7.0,2.0,1.0,0.0,0.0,1.0,1.0,3.0,26.0,0.0,1.0,0.0,0.0,10.0,1.0,27.0,42.88571477,0.0,0.0
432.0,3.0,3.0,3.0,1.6666666669999999,1.333333333,1.5,2.25,0.0,0.0,0.0,0.0,0.0,0.0,2.0,0.0,0.0,0.0,1.0,1.0,3.0,39.0,0.0,0.0,0.0,0.0,1.0,9.0,1.0,0.0,0.0,0.0
433.0,2.0,3.5,2.0,2.0,2.0,2.0,2.25,0.0,0.0,0.0,0.0,0.0,0.0,3.0,0.0,2.0,2.0,1.0,1.0,2.0,22.0,0.0,0.0,1.0,0.0,1.0,4.0,3.0,0.0,0.0,0.0
434.0,1.0,2.0,2.333333333,2.666666667,3.0,2.5,2.25,0.0,0.0,0.0,0.0,0.0,0.0,2.0,0.0,5.0,5.0,1.0,1.0,4.0,38.0,0.0,0.0,1.0,0.0,1.0,1.0,1.0,0.0,0.0,0.0
435.0,2.5,2.25,2.666666667,2.0,2.333333333,1.75,2.25,0.0,0.0,0.0,0.0,0.0,0.0,4.0,0.0,1.0,0.0,1.0,1.0,2.0,17.0,0.0,1.0,0.0,0.0,1.0,4.0,1.0,0.0,0.0,0.0
436.0,2.25,2.25,2.333333333,2.0,3.0,1.75,2.263888889,3.0,0.0,0.0,0.0,0.0,0.0,4.0,1.0,0.0,0.0,1.0,1.0,3.0,23.0,0.0,1.0,0.0,0.0,4.0,4.0,5.0,0.0,0.0,0.0
437.0,1.5,2.25,1.6666666669999999,2.333333333,2.333333333,3.5,2.263888889,0.0,0.0,0.0,0.0,0.0,0.0,6.0,0.0,2.0,0.0,1.0,1.0,4.0,21.0,0.0,0.0,1.0,0.0,1.0,1.0,1.0,0.0,0.0,0.0
438.0,2.75,2.75,2.0,2.166666667,1.6666666669999999,2.25,2.263888889,3.0,0.0,0.0,0.0,0.0,0.0,2.0,0.0,0.0,0.0,1.0,1.0,2.0,21.0,1.0,1.0,0.0,0.0,10.0,1.0,2.0,0.0,0.0,0.0
439.0,3.0,2.25,2.666666667,2.166666667,2.0,1.5,2.263888889,0.0,0.0,0.0,0.0,0.0,0.0,5.0,1.0,1.0,1.0,1.0,1.0,3.0,25.0,0.0,1.0,0.0,0.0,1.0,2.0,1.0,0.0,0.0,0.0
440.0,1.75,2.5,3.0,2.0,2.666666667,1.75,2.277777778,4.0,0.0,0.0,0.0,0.0,0.0,4.0,1.0,5.0,5.0,0.0,0.0,3.0,47.0,0.0,0.0,1.0,0.0,1.0,1.0,1.0,0.0,0.0,0.0
441.0,2.25,2.25,2.666666667,2.333333333,2.0,2.25,2.291666667,1.0,0.0,0.0,0.0,0.0,0.0,3.0,1.0,1.0,0.0,1.0,1.0,4.0,32.0,0.0,0.0,1.0,0.0,1.0,3.0,1.0,0.0,0.0,0.0
442.0,0.75,1.5,3.0,2.666666667,3.333333333,2.5,2.291666667,0.0,0.0,0.0,0.0,0.0,0.0,7.0,1.0,0.0,0.0,1.0,1.0,3.0,24.0,0.0,0.0,1.0,0.0,2.0,2.0,2.0,0.0,0.0,0.0
443.0,1.75,2.25,3.0,2.666666667,2.333333333,1.75,2.291666667,0.0,0.0,0.0,0.0,0.0,0.0,4.0,0.0,1.0,0.0,1.0,1.0,4.0,44.0,1.0,0.0,0.0,0.0,1.0,3.0,1.0,0.0,0.0,0.0
444.0,2.0,2.25,2.333333333,2.666666667,2.0,2.5,2.291666667,0.0,0.0,0.0,0.0,0.0,0.0,2.0,1.0,0.0,0.0,1.0,1.0,4.0,29.0,1.0,0.0,0.0,0.0,1.0,2.0,1.0,0.0,0.0,0.0
445.0,2.5,3.0,2.0,1.8333333330000001,1.6666666669999999,2.75,2.291666667,0.0,0.0,0.0,4.0,0.0,0.0,5.0,0.0,0.0,0.0,1.0,1.0,2.0,19.0,0.0,1.0,0.0,0.0,5.0,5.0,7.0,4.500000179,0.0,0.0
446.0,2.0,2.5,3.0,1.8333333330000001,3.0,1.5,2.305555556,2.0,0.0,0.0,0.0,0.0,0.0,5.0,1.0,1.0,0.0,0.0,0.0,2.0,21.0,0.0,1.0,0.0,0.0,3.0,6.0,8.0,0.0,0.0,0.0
447.0,1.0,2.5,2.333333333,3.0,4.0,1.0,2.305555556,0.0,0.0,0.0,0.0,0.0,0.0,6.0,0.0,0.0,0.0,1.0,1.0,4.0,35.0,0.0,0.0,0.0,0.0,2.0,1.0,2.0,0.0,0.0,0.0
448.0,3.0,2.5,2.333333333,3.166666667,2.333333333,0.5,2.305555556,1.0,0.0,5.0,0.0,0.0,0.0,4.0,0.0,5.0,5.0,1.0,0.0,6.0,28.0,0.0,0.0,1.0,0.0,2.0,2.0,2.0,5.9999998660000005,0.0,0.0
449.0,1.5,1.75,2.333333333,2.166666667,3.333333333,2.75,2.305555556,2.0,0.0,4.0,3.0,0.0,0.0,4.0,0.0,0.0,0.0,1.0,1.0,3.0,29.0,0.0,0.0,0.0,0.0,5.0,2.0,10.0,25.0,0.0,0.0
450.0,2.0,2.25,2.0,2.166666667,2.666666667,2.75,2.305555556,0.0,0.0,0.0,0.0,0.0,0.0,3.0,0.0,0.0,0.0,1.0,0.0,3.0,19.0,0.0,1.0,0.0,0.0,6.0,2.0,6.0,0.0,0.0,0.0
451.0,2.0,2.5,2.666666667,2.0,1.6666666669999999,3.0,2.305555556,0.0,0.0,0.0,0.0,0.0,0.0,1.0,0.0,0.0,0.0,1.0,1.0,3.0,28.0,0.0,0.0,1.0,0.0,1.0,10.0,1.0,0.0,0.0,0.0
452.0,1.5,2.5,1.6666666669999999,3.166666667,3.0,2.0,2.305555556,0.0,0.0,0.0,0.0,0.0,0.0,8.0,1.0,2.0,2.0,1.0,1.0,6.0,24.0,0.0,0.0,1.0,0.0,1.0,6.0,2.0,0.0,0.0,0.0
453.0,2.0,2.0,2.333333333,2.5,2.333333333,2.75,2.319444444,3.0,0.0,0.0,0.0,0.0,0.0,5.0,0.0,0.0,0.0,1.0,1.0,3.0,25.0,0.0,1.0,0.0,0.0,1.0,1.0,2.0,0.0,0.0,0.0
454.0,2.0,2.0,1.333333333,2.5,2.333333333,3.75,2.319444444,0.0,0.0,0.0,0.0,0.0,0.0,6.0,0.0,0.0,0.0,1.0,1.0,3.0,24.0,0.0,1.0,0.0,0.0,2.0,1.0,5.0,0.0,0.0,0.0
455.0,1.5,2.0,3.0,2.333333333,2.333333333,2.75,2.319444444,0.0,0.0,0.0,3.0,0.0,0.0,4.0,1.0,0.0,0.0,1.0,1.0,4.0,23.0,0.0,1.0,0.0,0.0,2.0,4.0,2.0,1.4999999659999999,0.0,0.0
456.0,2.5,1.75,2.666666667,2.0,3.0,2.0,2.319444444,6.0,0.0,0.0,4.0,0.0,0.0,2.0,1.0,2.0,0.0,1.0,1.0,4.0,20.0,0.0,1.0,0.0,0.0,3.0,5.0,4.0,5.9999998660000005,0.0,0.0
457.0,2.0,1.75,3.0,1.8333333330000001,2.666666667,2.75,2.333333333,0.0,0.0,0.0,0.0,0.0,0.0,4.0,0.0,0.0,0.0,1.0,1.0,4.0,28.0,0.0,0.0,1.0,0.0,1.0,5.0,1.0,0.0,0.0,0.0
458.0,2.25,2.25,2.333333333,2.166666667,3.0,2.0,2.333333333,0.0,0.0,0.0,0.0,0.0,0.0,5.0,0.0,0.0,0.0,1.0,1.0,4.0,21.0,0.0,1.0,0.0,0.0,1.0,7.0,1.0,0.0,0.0,0.0
459.0,2.0,2.5,2.333333333,2.0,2.666666667,2.5,2.333333333,0.0,0.0,4.0,0.0,0.0,0.0,4.0,1.0,0.0,0.0,1.0,1.0,2.0,22.0,0.0,1.0,0.0,0.0,4.0,1.0,4.0,1.4999999659999999,0.0,0.0
460.0,2.75,2.75,3.0,2.166666667,2.333333333,1.0,2.333333333,3.0,0.0,0.0,0.0,0.0,0.0,3.0,0.0,0.0,0.0,1.0,1.0,5.0,21.0,0.0,1.0,0.0,0.0,4.0,1.0,4.0,5.9999998660000005,0.0,0.0
461.0,1.0,3.0,2.333333333,3.0,3.666666667,1.0,2.333333333,0.0,0.0,6.0,0.0,0.0,0.0,2.0,0.0,3.0,2.0,0.0,0.0,7.0,31.0,1.0,0.0,1.0,0.0,5.0,3.0,6.0,16.28571451,0.0,0.0
462.0,2.25,3.0,1.6666666669999999,2.666666667,1.6666666669999999,2.75,2.333333333,4.0,0.0,0.0,0.0,0.0,0.0,2.0,1.0,0.0,0.0,1.0,1.0,2.0,21.0,1.0,1.0,0.0,0.0,1.0,1.0,1.0,0.0,0.0,0.0
463.0,2.75,2.25,2.333333333,2.0,2.0,2.75,2.347222222,0.0,0.0,0.0,0.0,0.0,0.0,5.0,0.0,6.0,2.0,1.0,1.0,7.0,40.0,0.0,0.0,1.0,0.0,1.0,7.0,1.0,0.0,0.0,0.0
464.0,1.75,2.0,2.0,2.5,2.333333333,3.5,2.347222222,0.0,0.0,0.0,0.0,0.0,0.0,4.0,1.0,0.0,0.0,1.0,1.0,4.0,27.0,1.0,1.0,0.0,0.0,1.0,10.0,1.0,0.0,0.0,0.0
465.0,2.5,2.75,2.333333333,2.5,4.0,0.0,2.347222222,0.0,0.0,5.0,0.0,0.0,0.0,4.0,1.0,2.0,2.0,0.0,1.0,4.0,28.0,0.0,0.0,0.0,0.0,3.0,1.0,4.0,2.9999999330000002,0.0,0.0
466.0,2.5,2.0,3.0,2.0,2.333333333,2.25,2.347222222,2.0,0.0,0.0,0.0,0.0,0.0,6.0,1.0,4.0,3.0,1.0,1.0,5.0,44.0,0.0,0.0,1.0,0.0,1.0,7.0,1.0,23.28571379,0.0,0.0
467.0,2.75,1.75,2.0,1.8333333330000001,3.0,2.75,2.347222222,4.0,0.0,0.0,9.0,0.0,0.0,5.0,1.0,1.0,0.0,1.0,1.0,2.0,23.0,1.0,1.0,0.0,0.0,10.0,1.0,24.0,49.14285839,0.0,0.0
468.0,2.5,2.5,1.6666666669999999,2.0,2.666666667,2.75,2.347222222,0.0,0.0,0.0,0.0,0.0,0.0,5.0,0.0,0.0,0.0,1.0,1.0,4.0,21.0,0.0,1.0,0.0,0.0,1.0,2.0,2.0,0.0,0.0,0.0
469.0,2.0,2.0,2.666666667,1.6666666669999999,3.0,2.75,2.347222222,0.0,0.0,0.0,0.0,0.0,0.0,5.0,0.0,2.0,2.0,1.0,1.0,4.0,40.0,0.0,0.0,1.0,0.0,5.0,6.0,11.0,5.9999998660000005,0.0,0.0
470.0,3.0,2.25,2.666666667,2.166666667,3.0,1.0,2.347222222,3.0,0.0,0.0,7.0,0.0,0.0,3.0,1.0,3.0,3.0,1.0,1.0,5.0,50.0,0.0,0.0,1.0,0.0,7.0,3.0,7.0,29.11428511,0.0,0.0
471.0,1.25,2.25,2.666666667,2.5,3.0,2.5,2.361111111,0.0,0.0,4.0,0.0,0.0,0.0,4.0,1.0,2.0,2.0,1.0,1.0,3.0,46.0,0.0,0.0,1.0,0.0,2.0,2.0,3.0,4.500000179,0.0,0.0
472.0,3.25,2.5,2.0,2.666666667,2.333333333,1.5,2.375,0.0,0.0,0.0,0.0,0.0,0.0,4.0,0.0,0.0,0.0,1.0,1.0,3.0,23.0,0.0,1.0,0.0,0.0,1.0,1.0,2.0,0.0,0.0,0.0
473.0,1.0,2.25,3.0,2.833333333,2.666666667,2.5,2.375,0.0,0.0,0.0,0.0,0.0,0.0,5.0,0.0,4.0,3.0,1.0,1.0,3.0,32.0,0.0,0.0,0.0,0.0,2.0,2.0,2.0,0.0,0.0,0.0
474.0,2.5,2.75,3.0,2.666666667,2.333333333,1.0,2.375,0.0,0.0,0.0,3.0,0.0,0.0,5.0,0.0,3.0,3.0,1.0,1.0,2.0,19.0,1.0,1.0,0.0,0.0,6.0,10.0,11.0,5.9999998660000005,0.0,0.0
475.0,2.5,2.75,3.0,2.833333333,2.666666667,0.5,2.375,3.0,0.0,5.0,0.0,0.0,0.0,4.0,1.0,2.0,0.0,1.0,1.0,3.0,26.0,0.0,1.0,0.0,0.0,2.0,1.0,3.0,11.14285737,0.0,0.0
476.0,2.5,2.25,2.666666667,2.333333333,3.0,1.5,2.375,0.0,0.0,9.0,0.0,0.0,0.0,5.0,1.0,0.0,0.0,1.0,1.0,5.0,24.0,0.0,1.0,0.0,0.0,1.0,3.0,1.0,21.809524300000003,0.0,0.0
477.0,1.5,1.75,3.333333333,2.166666667,3.0,2.5,2.375,0.0,0.0,0.0,13.0,0.0,0.0,1.0,1.0,0.0,0.0,1.0,1.0,2.0,18.0,0.0,1.0,0.0,0.0,2.0,2.0,2.0,44.50952411,0.0,0.0
478.0,1.75,2.5,2.666666667,2.166666667,2.666666667,2.5,2.375,3.0,0.0,0.0,0.0,0.0,0.0,3.0,1.0,0.0,0.0,1.0,1.0,4.0,22.0,0.0,1.0,0.0,0.0,1.0,2.0,1.0,0.0,0.0,0.0
479.0,1.75,2.25,2.666666667,2.666666667,3.666666667,1.25,2.375,0.0,0.0,0.0,0.0,0.0,0.0,5.0,1.0,2.0,1.0,1.0,1.0,5.0,25.0,0.0,0.0,1.0,0.0,2.0,4.0,2.0,0.0,0.0,0.0
480.0,2.75,2.25,2.333333333,2.166666667,2.333333333,2.5,2.388888889,0.0,0.0,0.0,0.0,0.0,0.0,4.0,1.0,1.0,1.0,1.0,1.0,3.0,23.0,1.0,1.0,0.0,0.0,1.0,5.0,1.0,0.0,0.0,0.0
481.0,2.0,2.5,3.0,2.833333333,3.0,1.0,2.388888889,0.0,0.0,0.0,0.0,5.0,0.0,2.0,0.0,0.0,0.0,1.0,1.0,3.0,28.0,0.0,1.0,0.0,0.0,3.0,1.0,4.0,2.9999999330000002,0.0,0.0
482.0,2.75,2.25,3.0,2.333333333,3.0,1.0,2.388888889,3.0,0.0,6.0,0.0,0.0,0.0,5.0,1.0,0.0,0.0,1.0,1.0,3.0,19.0,0.0,1.0,0.0,0.0,2.0,2.0,2.0,5.9999998660000005,0.0,0.0
483.0,2.0,2.75,3.0,2.333333333,2.0,2.25,2.388888889,6.0,0.0,5.0,0.0,0.0,0.0,6.0,0.0,2.0,2.0,1.0,1.0,5.0,45.0,0.0,0.0,1.0,0.0,5.0,71.0,6.0,25.0,0.0,0.0
484.0,2.0,2.75,2.333333333,2.5,2.333333333,2.5,2.402777778,0.0,0.0,6.0,0.0,0.0,0.0,2.0,1.0,0.0,0.0,1.0,1.0,3.0,23.0,0.0,0.0,0.0,0.0,1.0,16.0,1.0,5.9999998660000005,0.0,0.0
485.0,2.0,2.5,1.6666666669999999,2.5,4.0,1.75,2.402777778,0.0,0.0,0.0,0.0,0.0,0.0,4.0,1.0,4.0,2.0,0.0,1.0,4.0,40.0,0.0,0.0,1.0,0.0,1.0,9.0,1.0,0.0,0.0,0.0
486.0,2.75,2.5,2.0,2.5,2.666666667,2.0,2.402777778,0.0,0.0,0.0,0.0,0.0,0.0,6.0,0.0,0.0,0.0,1.0,1.0,1.0,16.0,0.0,1.0,0.0,0.0,2.0,14.0,1.0,0.0,0.0,0.0
487.0,2.25,2.5,3.0,2.166666667,2.0,2.5,2.402777778,0.0,0.0,0.0,0.0,0.0,0.0,6.0,0.0,0.0,0.0,1.0,1.0,3.0,32.0,0.0,1.0,0.0,0.0,1.0,11.0,5.0,2.9999999330000002,0.0,0.0
488.0,3.25,2.5,2.666666667,2.833333333,1.6666666669999999,1.5,2.402777778,0.0,0.0,4.0,0.0,0.0,0.0,3.0,0.0,0.0,0.0,1.0,1.0,4.0,27.0,1.0,0.0,0.0,0.0,3.0,10.0,6.0,5.9999998660000005,0.0,0.0
489.0,2.0,2.25,2.666666667,2.666666667,2.333333333,2.5,2.402777778,0.0,0.0,5.0,3.0,0.0,0.0,3.0,0.0,4.0,4.0,1.0,1.0,6.0,40.0,0.0,0.0,1.0,0.0,6.0,10.0,7.0,13.71428519,0.0,0.0
490.0,2.25,2.25,2.333333333,3.333333333,3.333333333,1.0,2.416666667,0.0,0.0,0.0,0.0,0.0,0.0,2.0,1.0,2.0,1.0,1.0,0.0,4.0,32.0,0.0,0.0,1.0,0.0,1.0,6.0,1.0,0.0,0.0,0.0
491.0,2.5,1.5,3.0,2.333333333,2.666666667,2.5,2.416666667,0.0,0.0,0.0,0.0,0.0,0.0,4.0,1.0,0.0,0.0,0.0,1.0,5.0,23.0,0.0,0.0,0.0,0.0,1.0,5.0,1.0,0.0,0.0,0.0
492.0,2.25,1.75,3.0,2.333333333,2.666666667,2.5,2.416666667,4.0,0.0,0.0,0.0,0.0,0.0,2.0,0.0,2.0,2.0,1.0,1.0,5.0,27.0,1.0,0.0,1.0,0.0,6.0,10.0,7.0,0.0,0.0,0.0
493.0,1.25,2.75,2.666666667,2.333333333,3.0,2.5,2.416666667,5.0,0.0,0.0,0.0,0.0,0.0,3.0,0.0,4.0,3.0,1.0,1.0,4.0,37.0,0.0,0.0,1.0,0.0,1.0,10.0,1.0,0.0,0.0,0.0
494.0,3.0,3.0,2.333333333,2.166666667,3.0,1.0,2.416666667,0.0,0.0,0.0,0.0,0.0,0.0,6.0,1.0,7.0,7.0,1.0,1.0,5.0,49.0,0.0,0.0,1.0,0.0,2.0,15.0,2.0,3.8571428510000003,0.0,0.0
