userId,GoalSetting,StrategicPlanning,SelfEvaluation,TaskStrategies,Elaboration,HelpSeeking,SRL,only lecture,Atry to lecture,explore,only asessment,Lcomplete to Atry,lecture to Acomplete,hrs,prior_exp,crs_str,crs_fin,int_topic,int_assess,edu,age,isfemale,emp_student,emp_job,completer,days_act,num_events,num_ses,grade,cluster,Gano
2be80cf765923518719b33d2d078777d1e3f705e,4,3.75,3.333333333,2.5,4,2.75,3.388888889,11,190,4,7,0,0,5,1,0,0,1,1,4,25,0,0,1,VERDADERO,16,323,24,89.80952501,1,1
eeac841723d84328a2f650abe7d047c57896fb26,2,2.25,2,2.5,2.333333333,1,2.013888889,24,180,0,5,10,0,3,0,0,0,0,0,4,20,0,1,0,VERDADERO,21,407,36,89.95237947,1,1
a1d27b35868b86982e6f6f243311039e0118d63f,4,3,4,3.5,3.666666667,2.75,3.486111111,12,170,5,0,0,0,3,1,0,0,1,1,6,36,0,0,1,FALSO,12,305,19,75,1,1
57321959de0e480c2dc9dea609060857085b80e3,3.75,3.75,3.666666667,3.5,3.666666667,3.25,3.597222222,28,170,15,9,0,0,5,1,0,0,1,1,4,31,0,0,1,FALSO,14,246,35,81.14285469,1,1
0eb40362a8019dcb38ba6b1bb93c7fb1d7f6b236,4,4,4,4,4,3.75,3.958333333,49,170,0,0,4,0,10,0,2,2,1,1,6,40,0,0,1,FALSO,13,269,36,87.68571615,1,1
4c1f7b3c6555066100c3d34f6117fcc13ac8b5d6,3.25,3,4,3.166666667,3,2.75,3.194444444,3,170,7,23,6,4,10,0,0,0,1,1,3,31,1,0,1,FALSO,18,428,38,88.01904917,1,1
8713af51d2502ab002ed99f55ab0ad94731f55da,2.5,2.5,2,1.833333333,2.333333333,2.25,2.236111111,3,170,18,3,0,0,4,1,2,2,1,1,3,38,0,0,1,VERDADERO,11,330,22,94.20952201,2,1
a4ede3aa900b049918fbd5ba79739f65428f2b26,3.75,3.75,4,3.5,4,3.25,3.708333333,8,170,18,11,0,0,8,1,2,2,1,1,3,31,0,0,1,VERDADERO,6,358,17,94.80000138,2,1
09225961df28931313442554d4212da13021e1f4,3.25,3.75,2.666666667,3.166666667,3.333333333,2,3.027777778,14,170,13,13,0,0,3,1,7,3,1,1,7,44,0,0,1,VERDADERO,10,287,19,95.60952187,2,1
6266fdcbb573ebd90b16233c0fb1e3e8c7a65e6a,4,4,4,4,4,3.5,3.916666667,42,162,21,21,5,0,5,0,0,0,1,1,3,30,0,0,1,FALSO,18,585,49,89.75238204,1,1
35853c4dfa21a8b07b505f3e183ae7deb60d5608,3.75,4,4,4,4,3,3.791666667,3,160,6,13,0,0,5,1,0,0,1,1,5,28,0,0,1,FALSO,14,360,27,76.85238123,1,1
d827fef50694bed0bb1c076ac32eb36ddc943f27,3.5,4,4,4,4,3.5,3.833333333,28,160,7,14,0,0,2,1,2,2,1,1,1,47,0,0,0,FALSO,37,980,63,82.20952153,1,1
b004d68ecf99fe99f61014d93d9d17defecca5cc,3.25,3.5,3.666666667,3.833333333,4,2.5,3.458333333,16,160,22,6,7,6,4,1,0,0,1,1,3,24,0,0,1,FALSO,17,393,24,87.75237799,1,1
38f45c2c79d27747e7f9407245b04b1c8ec5d7a3,3,3.25,3.666666667,2.833333333,3.333333333,2.5,3.097222222,11,160,36,10,0,15,4,1,2,2,1,1,3,31,0,0,1,VERDADERO,12,373,20,88.40952516,1,1
30c4b2ad329b6aa21f73ba04298f19afb39027fd,4,4,4,4,4,3.25,3.875,19,160,8,6,0,0,14,0,0,0,1,1,4,29,1,0,0,VERDADERO,13,286,38,89.60952163,1,1
31abe2f4ad9266151eb0627cf5286eac5a79cd16,2.75,3.75,3.666666667,3.833333333,3.333333333,2,3.222222222,25,160,0,13,7,0,6,0,0,0,1,1,5,23,0,0,0,VERDADERO,18,406,27,94.26666498,2,1
539ef2ae35ce85128252511dd3da1b9a1eb863c0,4,4,3.333333333,2.5,4,1.5,3.222222222,8,160,0,0,0,0,7,1,0,0,1,1,3,23,0,1,0,VERDADERO,6,306,15,95.0666666,2,1
bc354df0b6d723bc92a505fa99ba0d00b9bad11f,1,1.75,1.666666667,1.666666667,2,1,1.513888889,4,160,24,6,7,0,4,0,7,6,1,1,4,36,0,0,1,VERDADERO,13,294,20,95.68571448,2,1
8b7612be9bfebe69a407c3392f4c37a0caf4b19b,3.5,3.5,3.333333333,2.833333333,3.333333333,1.5,3,33,160,8,9,0,0,6,1,0,0,1,1,5,37,0,0,1,FALSO,23,350,46,96.20000124,2,1
fde277f16466f72cca8996c1e15db3bc83fe0e62,2.25,2.75,3.666666667,3.166666667,3,1.25,2.680555556,18,160,4,16,0,0,10,1,3,2,1,1,5,34,0,0,1,VERDADERO,21,325,43,96.54285908,2,1
21b83b644b3e16dbe97f453fd5db91324b919a48,3.75,3.75,4,3.166666667,3.666666667,2.25,3.430555556,30,160,4,0,0,0,18,0,0,0,1,1,3,26,0,1,0,VERDADERO,20,396,48,97.39999771,2,1
43b1bca84e9a1b98868d07513d8933ef13c836e7,2.75,3,3.666666667,2.666666667,2.666666667,1,2.625,24,160,12,24,0,6,8,0,1,1,1,1,3,35,0,0,1,VERDADERO,21,388,43,97.94285893,2,1
16cb04924b311b24537fbbd4f2698d576da5bc95,4,4,4,4,4,0.75,3.458333333,13,160,23,12,5,10,5,1,10,10,1,1,4,46,0,0,0,VERDADERO,18,310,37,98.60000014,2,1
ed858747e6f2ca3ddf2eb5ab4cda191f2dd5d9b5,3.25,3.75,4,3.666666667,4,2,3.444444444,19,160,4,4,0,0,8,1,0,0,1,1,2,25,0,1,0,VERDADERO,16,335,35,100,2,1
83588a8b1ad86e20c489c031e5fe91c68371e902,2,1.75,3,2.333333333,3,3.25,2.555555556,9,160,0,12,0,0,10,1,0,0,1,1,3,23,0,1,0,VERDADERO,4,270,17,100,2,1
c5b3931a233cb56a8121bec9f7a150b062f62da6,3.5,3.75,4,3.666666667,4,1.75,3.444444444,28,150,9,3,0,0,12,1,0,0,1,1,3,24,0,1,0,FALSO,12,193,33,61.14285588,1,1
b97847c20fe710ab16479f3de72a9c09fd351d96,1,1.75,2.333333333,1.5,3.666666667,2,2.041666667,0,150,0,16,0,0,5,1,0,0,0,0,3,28,0,0,1,FALSO,8,151,16,62.00000048,1,1
5674cc70df1566bfb7ae722af2933b215ef20a67,2,2.25,3,2.333333333,3,1.75,2.388888889,25,150,8,6,4,0,4,0,1,0,1,1,3,20,0,1,0,FALSO,26,216,37,62.94285655,1,1
f2dc08c25556baa65c6f367ca54c85317d8ac19b,3,3.25,3.666666667,3.666666667,3.333333333,2.5,3.236111111,13,150,7,0,10,0,6,0,1,1,1,1,3,49,0,0,1,FALSO,14,265,23,76.39999986,1,1
0bb67fdf661e9d2d34095c26f2255a84e48e2a54,2.75,3.5,2.666666667,3.333333333,4,3,3.208333333,3,150,4,7,0,0,3,1,0,0,0,1,4,23,0,1,0,FALSO,7,156,14,82.08571672,1,1
6a3ff6a0b9167357d3324d0c3bfdbc79c6dfc638,3,3.25,3.666666667,3.333333333,3,3.5,3.291666667,37,150,4,4,0,5,6,1,0,0,1,1,4,24,0,0,0,VERDADERO,19,332,33,87.75237799,1,1
5f36a5ca9bf0d34ec847721ec96369b157dbf278,2.75,2.75,3.666666667,2.833333333,2,3,2.833333333,6,150,9,0,0,0,4,0,1,1,1,1,2,21,0,1,0,FALSO,11,208,14,88.27618957,1,1
d971e1c9cb826d21dba1057dc577f30147ae47ad,3.5,3.5,4,3.333333333,3.333333333,2.75,3.402777778,5,150,0,18,0,0,3,0,1,0,1,1,3,38,0,0,1,VERDAD,12,252,16,90.35238028,2,1
1579d15bcc6d93c3fb11c9fdf406d077d9a0c9dd,4,4,4,4,4,3,3.833333333,0,150,7,0,0,4,6,1,2,2,1,1,4,24,1,0,1,FALSO,6,217,8,90.80952406,2,1
90ae2daffacb2c921fe5ba279c6ec7f48d348ff1,2.25,2.25,2.666666667,3,2.333333333,2.75,2.541666667,14,150,19,3,0,0,4,1,2,0,1,1,4,28,0,0,1,VERDADERO,5,400,22,91.0857141,2,1
94d59f7b4349cd2b93cb9a0af594f50ec1cbed85,3.75,3,3,4,4,1.75,3.25,24,150,24,12,4,0,3,0,10,10,1,1,6,50,0,0,1,VERDADERO,20,317,34,94.20952201,2,1
f724695479177b3f6a95360affcbc9553cb99713,4,4,4,4,4,3.75,3.958333333,0,150,0,0,6,0,10,1,0,0,1,1,5,47,0,0,1,VERDADERO,9,289,14,94.99999881,2,1
754a6bd827f61da039a448bf6f8b1759eb793425,3.75,3.25,3.333333333,3,3.333333333,2.75,3.236111111,29,150,0,7,0,0,4,1,5,3,1,1,5,30,0,0,1,VERDADERO,16,380,26,95.60952187,2,1
fd83c3ca0f3248a10ce2b1d43b49e7ddfa694843,2.75,2.75,3.333333333,3.5,4,3,3.222222222,11,149,11,19,0,0,5,0,3,3,1,1,3,35,0,0,0,VERDADERO,9,352,21,100,2,1
b1c088c413ac18529fb8bf311bfbbc098e05a743,3.25,3.25,2.666666667,2.666666667,3,1.75,2.763888889,9,145,28,19,0,0,5,1,2,1,1,1,5,36,0,0,0,FALSO,17,269,30,77.20000148,1,1
55c1f10007f061e49e9c301c3139416610bf217a,3,2.5,2.666666667,2.833333333,3.333333333,2,2.722222222,22,145,17,0,0,0,3,0,1,1,1,0,3,52,0,0,1,FALSO,8,426,19,82.40952492,1,1
7830fcd36be85510b09581d02fcef66f68ad515c,3.5,3,3.666666667,3.666666667,4,3.75,3.597222222,7,145,14,21,0,0,5,1,0,0,1,1,3,25,0,1,0,VERDADERO,16,219,20,87.75237799,1,1
e4aa6ed521da6a3ed3db6a1750c4b0fbf926afd8,4,4,4,4,4,3,3.833333333,3,145,20,0,0,4,5,1,0,0,1,1,2,30,0,1,0,VERDADERO,14,410,23,88.40952516,1,1
b381b19dbf1631ca52f58dd34b959ce7d97d0550,3,3.25,3.333333333,3.333333333,4,2.25,3.194444444,12,145,15,11,0,0,4,1,3,1,1,1,5,31,0,1,0,VERDADERO,16,311,41,89.60952163,1,1
ee229241e3f0736d194be20a28ade7a0e399943e,2.75,3,3,2.166666667,3.666666667,2,2.763888889,25,145,8,0,0,0,10,0,1,1,1,1,4,31,0,0,0,VERDADERO,12,279,26,89.75238204,1,1
44ae2a0479f36497860f4ff47362822eda47af52,4,4,4,4,4,3,3.833333333,14,145,16,0,9,0,7,1,0,0,1,1,5,29,0,0,1,VERDADERO,17,439,31,94.26666498,2,1
33c1ec01baea50c1930a5c9bb8687be441403eba,3.5,3,4,2.666666667,3,2.75,3.152777778,22,145,41,3,0,0,4,0,0,0,1,1,3,38,0,0,1,VERDADERO,27,506,49,95.08571625,2,1
cbda232969dda1c865c5aa0495cf649425048657,3.75,3,3.333333333,2.833333333,2.333333333,1.5,2.791666667,3,145,4,0,0,0,4,0,1,0,1,1,3,19,0,1,0,VERDADERO,11,229,23,95.68571448,2,1
f75ad3a34a3fe1bef8e5994fb2200bae6e3383d3,2.5,3.5,4,3.333333333,4,1.75,3.180555556,26,140,6,14,5,0,5,0,0,0,1,1,5,27,0,1,0,VERDADERO,19,529,40,95.94285488,2,1
21c9ec81e0297a1b8ae6847cd3618bb5f9fbda7e,2.75,3,3.333333333,3.5,3.333333333,3,3.152777778,32,140,17,6,6,0,5,0,0,0,1,1,4,34,1,0,0,VERDADERO,25,537,65,96.20000124,2,1
7793abe8a96e9fed64790c71976e5b186b769219,3,3,3,3.166666667,3,3.25,3.069444444,13,140,0,5,11,0,5,1,0,0,1,1,6,46,0,0,1,VERDADERO,9,288,25,96.34285569,2,1
bcf3743df325bbe38ad3aa9bcdadcf93447e0234,4,4,4,3.666666667,4,1.5,3.527777778,25,140,0,22,0,0,10,1,0,0,1,1,2,21,0,1,0,VERDADERO,15,325,44,96.54285908,2,1
f901303f7e104dc268d88dfce5e3e7a701219c4b,2.25,2.5,4,2.833333333,2.666666667,3,2.875,44,140,10,10,0,0,6,1,1,1,1,1,3,39,0,0,0,VERDADERO,20,494,57,96.79999948,2,1
1266987f44d73cc63c3d85c20b346b5aaa57c758,3.25,3,2,2.5,1.666666667,3.75,2.694444444,15,140,21,11,0,0,3,1,0,0,1,1,4,20,1,1,0,FALSO,15,257,38,97.20000029,2,1
88efe49375fda0ed9aaf9205f12b8b67020b23d0,2.75,2.75,3.333333333,2.833333333,3,1,2.611111111,33,140,14,0,0,0,8,0,3,3,1,1,4,50,0,0,1,VERDADERO,15,289,24,97.74285555,2,1
544667718711720429ca7816d7ee253c32e7aaf2,2.75,2.75,3.333333333,3,3.333333333,3.25,3.069444444,0,140,5,8,0,0,6,0,1,1,1,1,2,22,0,1,0,VERDADERO,8,302,12,97.94285893,2,1
3bff66d269e7b6cf2e9f3ce921806ad47041107a,3.5,3.75,3.666666667,2.5,4,2.75,3.361111111,8,140,0,18,0,0,20,0,3,3,1,1,1,44,0,0,0,FALSO,6,296,20,98.00000191,2,1
8904a5b5b1d98fc51ba51cde0e5072480d30ce9e,2.5,2.5,2,2.666666667,3,1.5,2.361111111,32,140,13,3,0,0,2,1,4,3,1,0,3,42,0,0,1,VERDADERO,19,351,31,98.28571677,2,1
565afbc5a6505641dc880110669ed61de4e6c6d6,2.75,2.75,3.333333333,2.833333333,3.333333333,2.5,2.916666667,3,140,13,15,0,0,5,1,50,40,1,1,3,53,0,0,0,VERDADERO,31,283,73,99.14285541,2,1
9580c20d62b73a8702ca4c6cc58c90b65f06a8a9,2.75,3.75,4,3.833333333,4,2.75,3.513888889,9,140,6,0,0,0,3,1,0,0,1,1,4,36,0,0,1,FALSO,8,165,13,100,2,1
66bb850d0551ebd90c6aa89af99a9aead19d2563,3.5,3.75,4,3.666666667,4,3.5,3.736111111,59,140,0,3,4,0,4,1,1,1,1,1,3,42,0,0,1,VERDADERO,21,291,39,100,2,1
7ff1a949cecf50b22a2edf17baf94deaadf608fb,3.75,3.25,2.666666667,2.833333333,3.333333333,1.75,2.930555556,7,140,53,0,0,0,8,1,0,0,1,1,2,16,0,1,0,VERDADERO,12,324,24,100,2,1
cd77fc32fd47755e0f7b8dd1aa18edd34734ae46,2.25,2.75,3.666666667,3.5,2.666666667,3,2.972222222,28,137,4,16,0,0,2,0,0,0,1,0,5,37,1,0,1,FALSO,17,331,61,60.50000191,1,1
6b85fb8e743db1eb1b5648de67b3524506186939,2.5,2.75,3.333333333,2.5,2.666666667,0.75,2.416666667,0,130,0,0,0,0,6,0,0,0,1,1,3,20,0,1,0,FALSO,3,10,6,4.500000179,0,0
ac279d46f1f3d7a4fbbbfc8684cee4514b087324,1.75,1.25,3,1.666666667,2.666666667,3.25,2.263888889,18,130,8,0,0,0,3,1,5,3,1,1,3,46,0,0,1,VERDADERO,10,282,24,95.88571191,2,1
b5c7b3126f6560e57e92fc041e1f79ebaadb76a4,3.5,3.5,2.333333333,2.333333333,2.333333333,3,2.833333333,17,130,9,0,6,10,2,1,4,3,1,1,4,24,0,1,0,VERDADERO,22,476,39,96.34285569,2,1
9cf52ba02b3850199f99ca2d6fe43ad7b93ff1a1,4,3.25,3.666666667,3.5,3.333333333,3,3.458333333,15,130,10,10,0,0,6,0,2,2,1,1,3,23,0,1,0,VERDADERO,19,326,33,96.7428565,2,1
86ad9b34700426f7ed1a5a149a2aa4d54e363c09,3.75,3.25,3,3,3,2.75,3.125,36,130,10,20,6,16,3,1,1,1,1,1,3,26,0,0,1,VERDADERO,29,664,68,97.66666889,2,1
98b80e1c4d70afd46dfc1e83656ca26f6cb61a65,3.75,3.5,4,3.333333333,4,2.25,3.472222222,23,130,13,9,0,0,8,0,3,3,1,1,3,23,0,0,0,VERDADERO,12,268,36,97.94285893,2,1
07680ea98e235a008206db6b6deeefc416e9a112,2.75,2.75,4,3,2.666666667,2.25,2.902777778,35,130,30,3,19,5,6,1,1,1,1,1,3,42,0,0,1,VERDADERO,23,325,44,99.14285541,2,1
4f5486cc2ceb54d08635ca94221ff6eeb2b04ea6,3.25,3,4,3.333333333,3.666666667,0.75,3,14,130,16,6,6,0,2,1,10,5,1,1,6,61,0,0,0,VERDADERO,13,283,22,100,2,1
b48d919dc5a08a23746be6441a2266a19e24d56d,3.75,4,4,3.333333333,4,2.25,3.555555556,12,124,6,6,0,8,4,1,1,1,1,1,4,25,0,0,0,FALSO,10,236,21,74.59999919,1,1
3eff4cc74e48fca9f49c7e1eeefabe0141ae27a4,3,2.75,3.333333333,2.666666667,3.333333333,2.5,2.930555556,13,124,4,21,0,0,5,0,1,1,1,0,4,20,1,1,0,FALSO,18,245,52,81.14285469,1,1
5a00aa7688d5602048755b15d1160ab841008bf9,3.75,3.75,4,4,4,2.25,3.625,14,124,8,0,9,0,4,0,1,1,1,1,4,46,0,0,1,VERDADERO,22,447,50,87.55238056,1,1
f500c6728ccb52c8bbe6bdb8dc4a6cb9c5671efc,2.75,2.75,3.333333333,3,3,2,2.805555556,0,124,0,25,0,0,4,1,4,2,1,1,5,20,0,0,0,VERDADERO,12,190,15,94.14285421,2,1
950dc969f2e11ceba41e03270b5c52751d19322d,2.75,3.5,2.333333333,3.166666667,3.666666667,3.5,3.152777778,36,124,8,0,0,0,7,1,1,1,1,1,5,28,0,1,0,VERDADERO,15,308,31,94.80000138,2,1
99afb2a23311705bb2fbe5046a2d897ba2a68b5c,3,3,3,3,3,2.5,2.916666667,29,124,31,3,0,0,10,0,5,5,1,1,5,32,0,1,0,FALSO,20,306,63,95.58571577,2,1
8d5fc8a75fa301d6bfb4fc1b9879f5d31f82ba46,3,3.25,2.666666667,3,3.666666667,2.5,3.013888889,8,123,10,3,4,0,5,1,0,0,1,1,4,20,0,1,0,FALSO,12,244,27,74.28571582,1,1
9f6e0a855ecb34e671cff92f8df490b7cb54f91f,1.75,2,1.666666667,2.666666667,2.333333333,1.75,2.027777778,17,123,24,6,5,0,2,0,1,1,1,1,4,20,0,1,0,FALSO,12,208,36,81.00000024,1,1
036c4a52b240b0a5f15503f78c7b8d0280db3b61,4,4,4,4,4,3,3.833333333,58,123,5,12,4,15,4,0,3,1,1,1,3,64,0,0,1,VERDADERO,16,971,69,87.55238056,1,1
e81c2384099e253ba480fc42ac44c2557320facb,2.75,1.5,2,1.833333333,3,3,2.347222222,26,123,23,10,0,0,4,1,0,0,1,1,5,32,0,0,1,VERDADERO,20,326,43,94.14285421,2,1
cd117ed131cb5598e9191a3e2d90d293e2f9e0e5,2.5,2.25,3,3.333333333,4,3,3.013888889,9,123,10,0,0,0,4,0,0,0,1,1,2,37,0,0,1,VERDADERO,11,346,32,94.54285502,2,1
3dbdff00555d5e5b1dbda9d4922113e6cbf01609,3.5,3.5,4,4,4,1.5,3.416666667,27,123,0,0,6,0,5,1,1,0,1,1,6,43,0,0,1,FALSO,14,312,43,95.40952444,2,1
c6e6f1d40ec682efa4a64da4cf386bb781945d1c,2.5,3,3,2.833333333,3,2.5,2.805555556,17,122,5,3,0,0,4,0,3,2,1,1,6,53,0,0,1,FALSO,11,219,16,74.28571582,1,1
aaad186d92056ba179512c87c247a3042e83cabd,4,3.75,4,4,4,3,3.791666667,4,122,17,0,0,0,2,1,1,1,1,1,2,19,0,1,0,FALSO,10,234,13,80.86666465,1,1
873fdad45dc542cb80a85009ef5b898fff339ae7,3.25,4,3.333333333,2.666666667,3.333333333,2,3.097222222,0,122,0,0,0,0,8,1,0,0,1,1,3,50,0,0,1,FALSO,12,221,15,86.31904721,1,1
49f0c7065fcc86ee718b927431cb91c13cf56416,2.5,2,2.666666667,2.5,2.666666667,2.25,2.430555556,20,122,9,3,0,0,4,1,0,0,1,1,6,32,0,0,1,VERDADERO,10,237,32,94.14285421,2,1
faa33ac0382fd5a6d39e0b0b295896dc87f3e0d4,1.5,2,3,2.833333333,3,2.5,2.472222222,22,122,4,7,0,5,5,1,7,4,1,1,5,42,0,0,1,FALSO,16,247,22,94.54285502,2,1
849cdcb9a208c3f0ef3feec9578617d8fc99f4a0,3.25,3.5,3.333333333,3.666666667,4,4,3.625,16,122,29,8,0,4,8,1,0,0,1,1,5,56,0,0,0,VERDADERO,18,383,36,95.40952444,2,1
513a971766cedeb99f2be635b1ddf125068658f3,0.5,2,4,4,4,4,3.083333333,22,121,23,9,0,0,4,1,3,2,1,1,5,33,0,0,1,FALSO,17,289,34,73.60000014,1,1
a24047d335ad8cfec2fbea70d184381865c9bc8e,3.75,3.75,4,3.5,4,3.75,3.791666667,8,121,8,9,0,0,2,0,0,0,1,1,3,46,0,0,0,FALSO,13,337,22,80.68571687,1,1
66ed2aeab7af25b74836569f75ad447c29b18c62,3.75,4,4,3,3.666666667,2.25,3.444444444,52,121,14,9,5,6,5,1,1,1,1,1,3,18,0,1,0,FALSO,20,634,83,86.2857163,1,1
8bf3fb4d485f18e88525997b9a6d37d2b4787b9e,3,3,2,2.333333333,2,2.5,2.472222222,33,121,16,14,0,7,2,0,5,5,1,1,6,42,0,0,1,VERDADERO,15,463,25,94.14285421,2,1
b473c19f908046d9eac2b27ad760c9fbcb8022ec,3,2.75,3,2.666666667,3,2.5,2.819444444,17,121,37,18,0,0,8,1,4,4,1,1,5,43,0,0,1,VERDADERO,18,370,35,94.28571463,2,1
fe6a6aedda12cebeb15f7a705e7b993045b55f99,4,4,3.333333333,3.166666667,4,1,3.25,11,121,22,6,0,0,1,1,2,0,1,1,4,16,0,1,0,VERDADERO,16,292,28,95.34285665,2,1
0dd339e37685f0a9cd38772831bb9c5943bf1c2b,1.5,3,2.666666667,2.5,3.333333333,1.5,2.416666667,0,120,5,0,0,0,4,0,5,3,1,1,4,31,0,0,1,FALSO,4,15,4,5.999999866,0,0
ebc35876314b99ef35d105fe39ee5fa1c1f4357a,2.5,3,3,2.5,3,3,2.833333333,7,120,23,4,0,0,8,1,0,0,1,1,3,20,0,1,0,FALSO,13,210,17,60.04285812,1,1
7e0f7a5acb51b3f93be45ca9b24b201a53780488,4,4,4,4,4,3,3.833333333,18,120,4,7,0,0,5,1,0,0,1,1,5,34,0,0,1,FALSO,16,216,40,64.54285979,1,1
e5cf27922f69d2f2caf3c2cedb5dfad6865b07c1,2.5,3,3,2.333333333,3,2.75,2.763888889,19,120,26,3,0,0,7,1,0,0,1,1,3,39,0,1,0,FALSO,12,229,30,66.18571281,1,1
f057ff9926d3fa265d546558a0835c63565640ab,3,3.25,3.333333333,2.5,3.333333333,2,2.902777778,25,120,10,9,0,0,3,1,2,1,1,1,5,27,0,0,1,FALSO,19,265,44,67.74285436,1,1
910198fceda7d8720fa4a2c5918cc3166cb9a8a1,2,1.75,3,2.333333333,3.333333333,2,2.402777778,12,120,0,4,0,0,3,1,6,5,1,1,5,48,0,0,1,FALSO,3,131,10,70.14285922,1,1
62f09269123ffac9346caa5e38000987041240f2,0.75,2.5,2.333333333,2.166666667,2,1.25,1.833333333,0,120,4,3,0,0,4,1,5,5,0,0,4,56,0,0,1,FALSO,10,261,11,70.34285665,1,1
cca6408c85228fce753d726c5f173600c8b329da,2.25,2.5,3,2.5,3,1.75,2.5,3,120,21,0,0,0,4,1,8,5,1,1,3,52,0,0,1,FALSO,4,114,8,70.80000043,1,1
f4f4f8feae27f83d637bdc557557745225139eb4,4,3.25,4,3.666666667,4,2.75,3.611111111,5,120,6,0,0,0,4,0,0,0,1,1,5,33,0,1,0,FALSO,6,194,9,71.03809714,1,1
695645a71fa495e41cc4f1941ae59d20407b13a3,3,3.5,4,3.833333333,4,3.5,3.638888889,13,120,6,6,5,7,9,1,3,0,1,1,4,35,1,0,0,FALSO,9,243,19,72.39999771,1,1
125e69d667250b783ec681c3781ec734b99aafa9,3.5,3.25,4,4,4,2.75,3.583333333,9,120,0,0,0,0,2,1,3,3,1,1,4,50,1,0,1,FALSO,4,181,4,72.60952592,1,1
69ea1b5269bef10030f874459abdb92915631407,3,3,3.666666667,3,4,2.5,3.194444444,3,120,0,3,0,0,2,1,0,0,0,0,3,31,0,0,0,FALSO,8,198,14,72.74285555,1,1
470af1f9e2f89d772f596899396a75372579007d,3,3,3.666666667,3.333333333,3.666666667,3.75,3.402777778,23,120,17,9,0,0,4,1,1,1,1,1,3,20,1,1,0,FALSO,18,203,28,72.74285555,1,1
5573670a6e289141b5abe6a426789c85faa690a6,3.75,3.25,4,4,4,3.5,3.75,15,120,43,6,0,0,10,1,0,0,1,1,3,45,0,0,0,FALSO,14,482,27,72.74285555,1,1
f85fb72dcd9206929886503aafc245ef2f03087f,2.25,2.75,4,4,4,1.75,3.125,9,120,4,6,0,10,20,1,0,0,1,1,3,33,0,0,1,FALSO,11,232,24,73.50000143,1,1
f16da28e487adb34739042ef187deaba6c647ac5,3.75,3.5,3.666666667,3.333333333,3.666666667,2,3.319444444,45,120,13,3,6,0,7,0,3,3,1,1,2,40,0,0,1,FALSO,18,409,39,80.34285903,1,1
bb86e1477912fddacebb2dba1ad59cfc1e7baeab,3.25,3.75,4,3.833333333,4,2,3.472222222,28,120,0,9,11,0,6,0,0,0,1,1,3,68,0,0,0,FALSO,12,248,29,85.79999804,1,1
89ed9b9a858cc0ff1782382813c6fa80be90bb8c,2.5,1.75,2.333333333,2.166666667,2.666666667,2.25,2.277777778,23,120,7,9,0,0,7,0,0,0,1,1,5,34,0,0,1,VERDADERO,23,376,66,91.60952568,2,1
5efa07c2e722b22814aac2b838193401a977e25f,3,2.5,3,2.833333333,2.666666667,2.5,2.75,10,120,8,0,0,0,4,1,0,0,1,1,3,21,0,1,0,VERDADERO,9,266,21,92.14285612,2,1
66eb075a621b939ee6a84f1e8f02cc635394d1a9,3,2.75,2.333333333,2.833333333,3,2.25,2.694444444,6,120,29,6,0,0,6,1,1,0,1,1,4,26,0,0,1,VERDADERO,19,301,43,92.15238094,2,1
e764583b5620a3e27a69a50c0c3c55336ec5091d,3,3,3.333333333,2.833333333,3.666666667,3.25,3.180555556,19,120,18,10,5,0,2,0,2,1,1,1,3,31,0,0,1,VERDADERO,21,386,30,92.20952392,2,1
bd01887be117a0f0487b626fdc9a013dce739a5b,3.75,4,4,4,4,3.5,3.875,35,120,9,6,0,0,3,1,0,0,1,1,3,27,0,0,1,VERDADERO,20,471,44,92.48571396,2,1
c6b40f961867dc9cfe80ac81d7ccb0bbcb46e427,4,4,3,4,4,2.5,3.583333333,9,120,6,3,0,0,1,1,0,0,1,1,3,41,0,0,0,FALSO,13,227,26,92.79999733,2,1
2fdca257d175cd8efb2e663254cfce561f94be43,1.5,3.25,2.666666667,2.833333333,3.666666667,3.25,2.861111111,3,120,6,22,0,0,4,1,0,0,0,0,3,22,0,1,0,VERDADERO,9,245,15,92.79999733,2,1
422c295f2dffa8ac08026678044b6a210cf71112,2.75,4,3.666666667,3.5,4,1.5,3.236111111,17,120,16,6,0,0,2,1,0,0,1,1,4,51,0,0,0,FALSO,13,244,22,93.00952554,2,1
841de264289be9139beef43088f432dddd1d560b,3.25,3.25,4,3.666666667,4,3.75,3.652777778,8,120,43,7,0,0,4,1,0,0,0,1,5,49,0,0,0,VERDADERO,14,452,19,93.08571219,2,1
8b6186c0f3ab4d9937ae09c9d396d2b9bbd03c45,0.75,1.25,2,3,3.666666667,3.5,2.361111111,21,120,9,3,0,0,4,1,0,0,0,0,6,53,0,0,1,VERDADERO,16,272,37,93.28571558,2,1
09237b9ab7c233a861f6f1cf63d1fcbb2ef56ffa,2.75,2.75,2.333333333,2.833333333,3.333333333,3,2.833333333,29,120,41,6,5,0,8,1,0,0,1,1,5,28,0,0,0,VERDADERO,12,252,30,93.48571301,2,1
f68ec820bd59a686ea42b70d85fb4e14ecc08145,2.25,2.25,2.333333333,2.5,2.333333333,3.25,2.486111111,27,120,6,9,0,0,8,1,0,0,1,1,3,19,0,1,0,FALSO,16,334,35,93.59999895,2,1
9820c8300b932874787a078b4a1e5d4c67353c0d,3,3,3,2.333333333,3,2.75,2.847222222,18,120,12,6,5,4,4,1,0,0,1,1,2,38,0,0,1,VERDADERO,19,267,35,93.94285679,2,1
6e6c4b8ef7cac12b6ea1665cbd434284616054a1,2.75,2.5,2.333333333,2.5,2.333333333,1.5,2.319444444,23,120,25,5,7,0,6,1,10,8,1,1,6,38,0,0,1,VERDADERO,22,416,37,94.28571463,2,1
440a2926b1e391c65230d2a6ef026f28241870ac,2.5,3.25,2.666666667,2.833333333,3.666666667,1,2.652777778,27,120,18,3,0,0,4,1,12,9,1,0,5,50,0,0,1,FALSO,15,210,18,95.34285665,2,1
951101139c4087cb8b0baa98a6e94a48851c1558,3,3.5,4,4,3.333333333,2.75,3.430555556,18,120,10,0,0,0,4,0,0,0,1,1,2,28,0,0,0,VERDADERO,8,336,27,95.94285488,2,1
ffcd14f0467e813cb1be4b3a1c3d7fb696059c6f,3.75,3.25,3.333333333,3,4,2.5,3.305555556,21,120,24,0,0,24,10,1,0,0,1,1,4,44,0,0,1,VERDADERO,16,427,37,96.34285569,2,1
08c4fc10c3e38853e1994f6203d27fcbd1cedbe5,2.75,3.75,3.666666667,3.166666667,4,2.75,3.347222222,17,120,20,9,0,0,7,1,0,0,1,1,3,23,0,1,0,VERDADERO,19,294,37,96.79999948,2,1
b0e4b7090086b3b2e780d7360201111117897969,3,3.5,2.333333333,3.333333333,3.333333333,1.75,2.875,6,120,11,3,0,4,4,1,1,1,1,1,4,25,0,0,0,VERDADERO,10,310,21,97.74285555,2,1
af333e3ac9a90286ecb986e49182d43f2d098685,4,4,4,3.833333333,4,2.5,3.722222222,41,120,13,12,0,0,5,0,1,0,1,1,5,45,0,0,0,VERDADERO,18,260,37,97.94285893,2,1
15c4b069498b6a31729e03071967eac0862c8b0f,3.25,3.5,3.333333333,3,3,3,3.180555556,28,120,16,21,0,0,1,1,5,3,1,1,3,34,0,0,1,VERDADERO,17,546,29,99.14285541,2,1
52daf89808ca6d8997fae82ad4d2445a1b2e7b9c,3.75,3.5,3.666666667,3.833333333,4,3,3.625,0,120,0,19,0,0,3,0,0,0,1,1,5,26,0,0,1,VERDADERO,4,132,4,100,2,1
555f81d145da58143ecd3731c9b4d8ff86967130,4,2.25,2,3.166666667,3,3,2.902777778,57,117,11,9,13,0,2,1,0,0,1,1,2,23,1,1,0,FALSO,18,402,56,73.28571677,1,1
324e726d376bf5d33d389ca5b57da77e51fe8b92,3.5,4,3.666666667,3.5,4,1.5,3.361111111,3,117,12,5,0,0,4,1,1,1,1,1,3,16,0,1,0,FALSO,4,102,7,80.14285564,1,1
5f8908f24011c47c9eee1161d5fdc71ed5a471e5,4,3.5,3,3.166666667,4,3.5,3.527777778,9,117,8,3,0,0,6,1,2,2,1,1,6,44,0,0,1,FALSO,12,166,31,85.79999804,1,1
4e9a583021c2a51d995fdf5f898623e77c48e1a7,4,4,4,4,4,3.25,3.875,6,117,27,14,0,0,4,1,2,0,1,1,5,26,0,0,1,VERDADERO,12,209,14,93.86666417,2,1
1955bb4736d5940c31556667d3fffcdeca8365a7,2.5,2.25,3.666666667,2.5,3,3,2.819444444,24,117,16,15,9,0,3,1,3,1,1,1,4,24,0,1,0,VERDADERO,19,292,45,94.28571463,2,1
13a89fb16c0c1b76e957a3eb500a1037a04f79ae,3.75,4,4,3.666666667,4,2.25,3.611111111,8,117,4,12,0,0,6,1,0,0,1,1,5,25,0,1,0,VERDADERO,6,185,9,95.34285665,2,1
393d8b78f5ab58d04aa1e8fa5a17e169272cfee8,2.75,3,3.666666667,3,3,2.5,2.986111111,6,115,4,3,0,0,4,1,2,2,1,1,3,19,0,1,0,FALSO,10,164,21,60.00000238,1,1
59bacc26cff293ac386bf698a58955fa9c4d2fa5,4,4,4,2.166666667,2.666666667,2.25,3.180555556,4,115,4,10,0,0,2,0,5,1,1,1,4,27,0,0,0,FALSO,7,128,14,60.00000238,1,1
2e22a52284a02c0abcd92653a3221545a9ce1dac,3.25,3,3,2.5,2.333333333,2,2.680555556,21,115,0,3,11,0,7,0,0,0,1,1,4,48,0,0,1,FALSO,14,473,28,61.2857163,1,1
77e17d5c29a3ff44b4d4b4dbb880965f9c5cdd90,4,4,4,3.5,4,2.5,3.666666667,14,115,0,12,14,0,20,0,0,0,1,1,5,36,0,0,1,FALSO,21,322,49,62.18571663,1,1
4d002b0780ba329c4753333c1b8d3154ce5d38c5,4,4,4,4,4,2.25,3.708333333,8,115,10,0,15,0,4,1,0,0,1,1,3,18,0,1,0,FALSO,11,261,17,63.34285736,1,1
fba7c0a8182e2acea65ef059d7f47c50d0af1dfb,2.75,3,3.333333333,2.666666667,3.666666667,1.75,2.861111111,6,115,4,8,0,0,10,1,11,11,1,1,5,24,0,0,1,FALSO,7,202,8,64.54285979,1,1
1399313926f4cec6c941c09d9096e478c19ab77a,3,3.25,3.333333333,2.833333333,2.666666667,3,3.013888889,20,115,5,0,13,0,2,1,4,5,1,1,3,60,0,0,0,FALSO,17,338,32,65.08571506,1,1
f98165b56d2a735b97e40f7db25235aeae0d8600,3,3.25,3.666666667,3.666666667,3.666666667,3.75,3.5,26,115,14,6,0,0,4,1,0,0,1,1,5,23,0,0,1,FALSO,16,234,39,67.14285612,1,1
b71d1cc5c2822a0f2ca44c82db16fe4fdbe10334,3,1.75,3.333333333,2.833333333,2.666666667,1.25,2.472222222,3,115,0,19,0,0,1,0,5,0,1,1,2,28,0,0,1,FALSO,11,284,11,69.60952282,1,1
e8094aa1748feccc8a5b4036adbada2f95260c78,2,3,3,2.666666667,2.666666667,2.25,2.597222222,14,115,0,13,6,0,10,1,1,0,1,1,5,25,0,0,1,FALSO,17,280,33,70.14285922,1,1
a217bea2e5fda759dcd5cff661e83fd3fc270158,1.5,2.75,2,2.833333333,3.333333333,0.75,2.194444444,3,115,10,10,0,0,5,1,15,7,1,1,3,32,1,0,1,FALSO,11,127,23,72.08571434,1,1
0a38901f666713aba07262e43041875e6c3be7fc,3.5,3.75,4,3.5,4,3.25,3.666666667,6,115,0,3,6,0,10,0,10,8,1,1,3,23,0,0,1,VERDADERO,14,331,28,90.40952325,2,1
08bac09015cf72271f5f3ce82f063c7ad32c9ff3,2.5,3,3.333333333,3.333333333,3.333333333,2.75,3.041666667,42,115,9,6,5,6,5,1,2,0,1,1,6,34,0,0,1,VERDADERO,27,306,53,91.00952148,2,1
7cf1cb37fed5ac913ee1129b105daeb25b8d17ba,4,4,4,4,4,4,4,18,115,14,6,5,0,6,1,3,2,1,1,3,37,0,0,1,VERDADERO,19,290,44,91.26666784,2,1
4968641a218f3dbb83d620a71806b6d8adaf4db6,2.75,3,3,2.333333333,3,2.25,2.722222222,13,115,0,6,9,9,2,1,3,1,1,1,5,21,0,1,0,VERDADERO,11,411,32,91.60952568,2,1
9ba1f5f9a9db0133496ee50ac7c23039ca38ca6c,3.75,4,4,3.166666667,3.333333333,2.25,3.416666667,6,115,33,0,0,6,1,1,3,2,1,1,3,22,0,1,0,FALSO,12,231,17,92.14285612,2,1
d0e73a32f8df597d7e84a7adff10c7bfa4b34d7e,3,3.5,3.666666667,3.666666667,4,3,3.472222222,9,115,22,6,4,8,6,0,0,2,1,1,3,44,0,0,0,VERDADERO,19,415,38,92.15238094,2,1
e281356abd61ec00b67fe17171ad4ca41b561f44,2.5,3,3,3.166666667,3.333333333,2.75,2.958333333,8,115,4,3,5,0,4,0,1,1,0,0,4,36,0,0,0,VERDADERO,11,285,22,92.20952392,2,1
abbcf02aa568373374a82e553158447e2def1bca,3.25,3,2.333333333,2.166666667,2,2.75,2.583333333,14,115,4,3,7,0,3,0,2,2,1,1,4,41,1,0,1,VERDADERO,14,392,17,92.48571396,2,1
c730afdcd2b25d086493640a5e2f33247f6fc7ff,4,3.75,3.666666667,3.666666667,3.666666667,3.25,3.666666667,6,115,46,6,0,0,12,1,0,0,1,1,2,20,0,1,0,FALSO,18,270,24,93.00000072,2,1
ef7f9d041213280a158c4b4e0b3e70a80b8f5852,4,4,4,4,4,3,3.833333333,34,111,14,11,7,0,5,1,0,0,1,1,5,33,0,0,1,VERDADERO,14,337,30,100,2,1
73651223af8c4b3ed899b1104f44613766a62030,2.75,3,3.666666667,3.166666667,3.666666667,3,3.208333333,16,110,28,7,0,0,4,0,4,4,1,1,5,43,0,0,1,FALSO,18,184,32,60.28571725,1,1
f1305198577eaa75c98b8e96131f3a55b6e1f113,2.25,1.75,3,2.333333333,2.333333333,2.25,2.319444444,12,110,43,0,0,0,10,0,3,2,1,1,5,40,0,0,0,FALSO,13,209,16,64.74285722,1,1
6d67f8aeb11ec53467e1958ce8494327d21148df,3.25,3.25,3,3.833333333,4,3,3.388888889,21,110,25,18,0,0,6,1,2,2,1,1,4,21,1,1,0,FALSO,20,380,32,66.58571362,1,1
5c347edee0af102920e515d85f62fdb70e33dc9e,4,4,4,4,4,3.25,3.875,36,110,10,0,4,6,10,0,0,0,1,1,4,43,0,0,0,FALSO,24,467,91,68.00000072,1,1
1fcc308f8a48fbe38c9fff5ed231cdb4dbcc7824,4,3.5,3.333333333,3.666666667,3.666666667,2.5,3.444444444,29,110,11,15,0,0,5,0,2,1,1,1,5,27,0,1,0,FALSO,21,237,35,70.14285922,1,1
ed663f5d8e6fd71867ddce0b5cd49b3396eb6349,3.75,3,3,4,4,2.75,3.416666667,23,110,16,12,4,6,15,1,4,3,1,1,4,45,0,0,1,FALSO,19,326,46,70.44285536,1,1
284c2c6a08a259c0e11d61aaa1647d13eec5241b,2.75,2,2.666666667,2.333333333,2.333333333,2.5,2.430555556,31,110,5,3,0,8,7,1,0,0,1,1,3,28,0,0,1,FALSO,10,310,26,71.54285908,1,1
d30159ae31d250a1c817915a5043cf0d3b5f8753,2.75,3,2.666666667,2.833333333,3,3,2.875,18,110,16,9,0,0,4,1,0,0,1,1,2,24,1,1,0,FALSO,15,202,32,72.39999771,1,1
d54f05bcbe9788f4cc1b3ba5e8cfc60167dce973,2,3,2.333333333,2,2.666666667,2,2.333333333,9,110,11,6,0,0,4,1,3,3,1,1,5,21,0,1,0,FALSO,10,197,21,72.64285684,1,1
08ecaab4a66c665e2385dc0970bdd50744bde91a,3,3.5,3.333333333,3.333333333,3,2,3.027777778,25,110,4,7,7,8,3,0,0,0,1,1,3,17,0,0,1,FALSO,13,369,26,72.94285893,1,1
5dc5d218828cb05690d296a6663b7a43c2882e86,3.75,3.5,4,3.666666667,3.666666667,3,3.597222222,23,110,13,9,0,0,8,1,0,0,1,1,4,37,0,0,0,VERDADERO,15,287,40,91.80952311,2,1
8af1e8e36eeafbf6694b504b3d12e6479a43cb10,4,4,4,4,4,3.5,3.916666667,78,110,0,6,0,0,3,1,2,2,1,1,4,37,0,0,1,FALSO,17,409,64,92.14285612,2,1
67924e5c359e2e4fc1f9838d4773a63e8e5be3a3,3.5,3,2.666666667,2.833333333,3,3.25,3.041666667,14,110,0,16,0,0,4,0,3,3,1,1,5,38,1,0,1,VERDADERO,7,358,13,92.15238094,2,1
d1d2bd2f11a84655b67d517333f657ffad39bbc9,3,2.25,2.666666667,2,3.333333333,1.75,2.5,34,110,34,16,0,0,10,1,0,0,1,1,3,33,0,0,1,VERDADERO,21,545,59,92.40952134,2,1
59e2c35be2c4ae49540ee89a4501cf25d9563f76,2.75,2.75,3,2.833333333,3,3,2.888888889,3,110,28,3,0,0,6,0,1,0,1,1,5,36,0,0,0,VERDADERO,13,304,17,92.74285436,2,1
f39b047a752a29eb2e0a87701431f7dfc19c890f,2,2.5,3.333333333,3.166666667,3.666666667,3.5,3.027777778,47,110,18,22,4,0,4,0,10,4,1,0,5,26,0,0,0,VERDADERO,25,474,89,92.80952215,2,1
75a38acfddffce71ee84232785674a1ad31a49f3,4,4,3.666666667,3.5,4,4,3.861111111,51,110,7,20,11,0,6,0,1,1,1,1,2,44,0,0,1,FALSO,22,797,54,93.08571219,2,1
29083c5a0831032d8301c861734be25fa919a0c4,3,3.5,3,3,3.333333333,2.5,3.055555556,16,110,26,3,0,0,4,0,3,3,1,1,6,36,0,0,1,VERDADERO,15,381,28,93.14285517,2,1
22c115bdbdb61366849a654025ca233c14312a57,3.75,3.75,4,4,4,3,3.75,6,110,25,7,0,0,7,1,10,10,1,1,7,59,0,0,1,VERDADERO,14,485,31,93.66666675,2,1
be1deee465c73c2fb08df1b063a472445d37858b,4,3.5,4,4,4,3.5,3.833333333,7,109,34,6,13,0,1,1,0,0,1,1,3,26,0,0,0,VERDADERO,16,305,34,100,2,1
e54235135c9e5c7ec5dc38b3c59c6a61eb232e65,2,2,2.333333333,2.666666667,3.333333333,1.75,2.347222222,6,109,0,17,0,0,10,1,0,0,1,1,4,29,0,0,1,VERDADERO,17,283,28,100,2,1
f82238de83a15fc677afe3a74bd1e0f5d4950ad2,0.75,3.25,3.666666667,3.333333333,3.333333333,1.75,2.680555556,20,109,21,4,0,0,5,0,5,5,1,1,3,41,0,0,1,VERDADERO,18,279,39,100,2,1
07e54fc0e2dd9bcdf2179cb52920e85ae18a674b,3,4,4,3.333333333,4,2.5,3.472222222,54,101,5,6,5,0,4,0,0,0,1,1,4,50,0,0,1,FALSO,23,667,54,89.94285464,1,1
bf4e5d3a7b015e4f7938094ece22f485abdfc213,2.75,2.75,3.333333333,2.666666667,3,2.25,2.791666667,29,99,4,18,0,5,7,0,1,0,1,1,2,28,0,0,1,VERDADERO,29,377,76,98.60000014,2,1
b7a557d9b447d098da34b8b64c24055b96994fb3,4,4,4,4,4,2.25,3.708333333,32,99,8,16,0,6,6,1,30,30,1,1,4,49,0,0,1,VERDADERO,14,387,38,100,2,1
ae9eafd91bbf185f9adf56bca17bfcd457f7673a,3.5,3.25,3.666666667,3.833333333,4,2.75,3.5,30,99,25,9,13,0,5,1,0,0,1,1,5,28,0,0,1,VERDADERO,24,276,45,100,2,1
7aec1cd4cfbd0248266e8f7172dd7a3d7d1a2258,2,2.25,2.333333333,2.666666667,2,2.75,2.333333333,32,90,0,10,6,0,4,1,8,6,1,1,5,34,0,0,1,FALSO,14,337,18,61.2857163,1,1
acce63e5b2e2815ea3e05fb1f67c8b673a35eca3,2,3.75,4,3.166666667,4,3.25,3.361111111,0,90,0,5,0,0,8,0,2,2,1,1,3,27,0,0,1,FALSO,3,148,4,61.29999757,1,1
e1c3a8eb493e46366e7d871f9755ef075da060ef,4,3,3.666666667,4,3.666666667,3.75,3.680555556,16,90,14,0,0,25,3,0,2,1,1,1,5,50,0,0,1,FALSO,10,334,16,62.80952096,1,1
9c038adac8b9e054cef4689d38be7939c1f1c6c1,3,3,3.666666667,3.166666667,4,2.5,3.222222222,18,90,11,4,4,0,3,1,3,1,1,1,4,31,0,0,1,FALSO,16,267,24,62.88571358,1,1
f6769b7fff3d7e7b51c4a83faa14dc8865abe7c7,3.5,3.75,4,3,2.666666667,2.75,3.277777778,0,90,15,3,0,0,4,1,0,0,1,1,3,20,0,1,0,FALSO,5,243,11,63.89999986,1,1
b62592811fd38f2fc68dafc363fd6756af95dcf5,3.25,3,3.666666667,2.833333333,2,2.75,2.916666667,0,90,0,0,0,0,5,1,4,2,1,1,3,19,0,1,0,FALSO,2,149,3,63.98571134,1,1
c51735e29550ad0c7fdbe626f8b0d7d1ab3d527f,3.5,3,3,2.5,3,1,2.666666667,4,90,0,0,0,0,3,1,5,3,1,1,5,31,0,0,0,FALSO,10,150,17,68.54285598,1,1
a9192f9f84ead2f153e2d2be9ef7370f6bcb1765,4,4,4,3.333333333,3.666666667,1.75,3.458333333,15,90,20,0,0,0,6,0,8,5,1,0,4,22,0,1,0,FALSO,9,197,20,68.94285679,1,1
370dfaf83533064f84e8a3a3468190bf73e91bf6,3.25,4,4,4,4,2.25,3.583333333,4,90,16,0,0,8,12,1,0,0,1,1,4,25,0,0,1,FALSO,13,254,21,70.68571448,1,1
7c8b1ed4f74bc4664598b6bb4a3e31ea2a8bcacc,4,3.5,3.333333333,3.333333333,3,2.5,3.277777778,7,90,31,6,5,0,8,1,1,1,1,1,6,30,0,0,1,FALSO,18,306,29,70.68571448,1,1
00345d36a93afc11f906eb1ca8878885fab1dbd7,2.75,3.25,2.666666667,3.333333333,4,1.75,2.958333333,13,90,6,3,0,0,7,1,1,1,1,1,5,22,0,1,0,FALSO,8,227,25,72.74285555,1,1
7e34b26bfee1e284fda5a609d396c0f43430ca1e,3.75,3.25,4,3,3,0.75,2.958333333,3,90,12,3,0,0,6,0,0,0,1,1,2,25,1,0,0,FALSO,9,211,17,72.94285893,1,1
0b6d73db2842d1f5215a3ddf97382afabae6522e,1.25,1.75,3,2.5,3.333333333,3.75,2.597222222,10,90,21,4,0,0,3,1,0,0,1,1,4,22,1,1,0,FALSO,13,298,24,73.28571677,1,1
27f7a31032c5d621f1993bedd7913743f1e80d7a,2.25,2.25,3,2.5,2.666666667,2,2.444444444,12,90,36,0,0,0,10,1,0,0,1,1,4,19,0,1,0,FALSO,14,225,24,77.74285674,1,1
b2cc57e611eae9881a681588f07cd67f996e3f36,4,3,4,3.333333333,3,2.5,3.305555556,60,90,9,12,38,5,6,0,1,1,1,1,5,32,0,0,0,FALSO,35,588,50,84.58571434,1,1
fc44ed94b129f1d53465557eaa514eb93f2511ea,2.5,2.5,2.333333333,2.166666667,3,3.5,2.666666667,0,90,0,17,0,0,4,0,1,1,1,1,2,19,0,1,0,VERDADERO,5,513,9,87.75237799,1,1
1d2df670dc2e67ed9988a416cf8e061c4a64dc01,3.5,3,3,2.333333333,2,1,2.472222222,6,90,10,14,0,0,1,0,20,5,1,1,7,38,0,0,1,VERDADERO,12,221,19,88.40952516,1,1
e49bd5b3fa7f8d78af80bd379754e641593a84bc,2,2,3,2.833333333,2.666666667,2.75,2.541666667,22,90,17,3,0,0,4,0,0,0,1,1,7,32,0,0,1,VERDADERO,16,292,25,88.40952516,1,1
42458d3cc3dbcf74c3ea0ef38755962dee7e3d80,4,3.75,4,3.5,3.333333333,2,3.430555556,3,90,49,0,0,0,5,0,1,1,1,1,5,45,0,0,0,FALSO,12,397,12,90.40952325,2,1
044378fa0e43ac936082cecf0b7fb91b20482e31,2.75,2.25,2.333333333,2.666666667,3,3.75,2.791666667,41,90,4,3,9,9,7,1,0,0,1,1,4,54,0,0,1,,21,376,46,90.66666961,2,1
735fcf7bdcad251bc643eea007327a77ed17ff2e,2.25,3.5,4,4,4,1.25,3.166666667,12,90,25,0,6,11,15,1,20,15,1,1,4,29,0,0,0,VERDADERO,13,303,24,91.00952148,2,1
8cfce51f94571e74853b03e6cba3f1c96473ee41,3,3,3,3,3,3.5,3.083333333,23,90,12,8,6,8,4,1,2,2,1,1,4,53,0,0,1,VERDADERO,17,275,24,91.00952148,2,1
b51c755e6358cfa9bf247bf9481bc814872435d4,3.75,4,3.666666667,3.333333333,4,3.75,3.75,30,90,21,13,35,6,3,1,0,0,1,1,3,56,0,0,0,FALSO,20,518,46,91.28571153,2,1
449f75fa0eaa347782cf052eb04e912473e290e4,4,4,4,4,4,3,3.833333333,20,90,9,3,0,0,12,1,8,8,1,1,6,59,0,0,1,VERDADERO,7,269,22,91.35237932,2,1
c308f7c5a26446218067727e1d2af05322aa9dcc,4,4,4,4,4,3.5,3.916666667,24,90,20,6,7,0,6,0,3,3,1,1,3,30,0,0,1,VERDADERO,13,304,35,92.15238094,2,1
a07ca404069361f25a9a864fb0d217f9e653e7e6,4,4,4,4,4,3.5,3.916666667,11,90,0,7,0,0,5,0,4,3,1,1,3,43,0,0,1,VERDADERO,10,370,20,92.20952392,2,1
825254bd616b98f6e8ba5ddb6e518cc92a82e440,2,3,4,3,3.666666667,2.75,3.069444444,41,90,18,6,18,0,5,1,0,0,1,1,5,32,0,0,0,VERDADERO,20,364,39,92.74285436,2,1
bb998169fcb1eb9860b03416f35b8de730a7ab93,3.25,3.5,3.333333333,3.166666667,4,1.5,3.125,27,90,14,10,0,0,7,1,0,0,1,1,3,22,1,1,0,VERDADERO,17,293,43,92.74285436,2,1
c2a227ef4e6a338ffa8a957f4d0c555a9456002a,3.5,2,2.333333333,2.5,3.333333333,1.5,2.527777778,29,90,24,3,0,0,3,0,0,0,1,1,2,28,0,0,1,VERDADERO,19,311,52,93.28571558,2,1
254d53b1c96ece3af1ddea3a8e67779dabe0917b,4,4,3,3.666666667,4,0.25,3.152777778,28,90,12,6,0,0,10,0,0,0,1,1,5,68,0,0,1,VERDADERO,20,369,36,93.68571639,2,1
e2dec19b081fb968335667b978d31f36698d0d79,3,3,3,3,3,2.5,2.916666667,0,90,0,25,0,0,2,0,4,1,1,1,5,24,0,0,1,VERDADERO,4,119,4,93.68571639,2,1
6ada02cb11a3bd750630212168ae82b4d69a5e76,2.5,1.75,2.333333333,2.166666667,2,0.25,1.833333333,26,90,18,4,9,0,4,1,2,1,1,1,4,30,0,0,1,VERDADERO,18,433,56,94.26666498,2,1
0c2d7042dda32ecbd489fd0d622c2bb12ee93768,4,4,4,4,4,4,4,13,90,5,0,0,8,4,1,10,8,1,1,5,57,0,0,1,VERDADERO,10,367,18,95.26666403,2,1
190d7889e90010c11be47c73681ef3516f1b72f1,1.25,1.25,2.666666667,1.5,2.333333333,0.75,1.625,13,90,4,6,0,0,5,1,3,1,1,1,6,53,0,0,1,VERDADERO,14,268,24,95.88571191,2,1
0f9a128b378cf57d46bf08ba4db4bd1977b49469,3,3,3,2.666666667,3,2.5,2.861111111,23,90,19,0,0,0,3,1,0,7,1,1,5,22,0,1,0,VERDADERO,19,315,56,96.20000124,2,1
d3e137613399b3a24cb0d14bfcdc42aac1aa81c6,3.5,3.5,4,3.5,4,2.75,3.541666667,20,90,0,6,0,0,15,0,1,1,1,1,3,21,0,0,1,FALSO,15,481,50,96.28571272,2,1
5139ee747dd832ae9d30d124bccc0a29c267a71a,4,3,3.666666667,3.166666667,3,2.25,3.180555556,5,90,6,10,0,0,5,1,5,5,1,1,4,22,0,0,1,FALSO,7,203,8,96.54285908,2,1
6d2a472a9663ee0d6065a048732a7c4651da6c84,4,4,4,3.5,4,2.75,3.708333333,11,90,34,10,0,0,4,0,3,3,1,1,5,30,0,0,1,VERDADERO,11,253,20,96.7428565,2,1
cfb3a36c3ba565e663f0257260cf22752e7a6f17,3.75,3.25,4,3.833333333,4,0.75,3.263888889,18,90,40,6,0,0,6,1,1,1,1,1,5,32,0,0,1,VERDADERO,12,291,32,96.88571692,2,1
e73de19a5810b988761f918d1ef96a91bc0841cf,3,3.5,3.333333333,3.333333333,3.666666667,2,3.138888889,21,90,14,12,0,0,5,1,2,0,1,1,5,42,0,0,0,VERDADERO,22,263,73,97.6000011,2,1
bbc33ac876a6c3b45248c92889d1d1ee9953406f,4,4,4,4,4,3,3.833333333,5,90,0,20,0,0,7,0,1,1,1,1,4,50,0,0,1,VERDADERO,7,195,12,97.74285555,2,1
69040bfc7fca5bea36bba17f79afaf98291e3adf,3.25,3,3.333333333,3,3,3,3.097222222,9,90,5,0,0,0,6,1,4,4,1,1,5,28,0,0,0,VERDADERO,7,253,15,97.94285893,2,1
29e7be947a394d72da851a21ae38d470be6fdd7c,2.75,3,3,3.666666667,3.666666667,0.5,2.763888889,18,90,13,11,0,0,4,1,8,8,1,1,4,45,0,0,1,VERDADERO,19,295,34,98.28571677,2,1
a4d7113a15b51e6b746006c644cc2406cc0b1341,3.5,3,3.333333333,3.166666667,4,1.75,3.125,20,90,15,9,0,0,12,1,6,6,1,1,3,25,0,1,0,VERDADERO,13,262,28,98.79999757,2,1
2a1971f578365fb54e1b42ca1dc4030bf0f5b2d6,2.75,3,3,2.166666667,3.666666667,2.5,2.847222222,10,90,0,7,0,0,2,1,12,8,1,1,4,200,0,1,0,VERDADERO,9,284,13,100,2,1
2ce6ab3ec5f0261e8a42518e277483ffd83c79fb,1.75,2.75,3,3.666666667,4,3,3.027777778,8,90,0,0,0,0,6,1,7,5,1,1,6,37,0,0,0,VERDADERO,7,261,10,100,2,1
7f06e8a916663456d2829002c9d046a3fadf54e2,2,1.75,2,2,2,2.5,2.041666667,26,90,5,11,0,0,3,1,1,0,1,1,5,22,0,1,0,VERDADERO,18,374,39,100,2,1
d5f74c1eb81fd2269f97677a7521e1fd166926be,3.25,3.25,2.333333333,2.666666667,2.333333333,1,2.472222222,29,90,6,0,0,0,8,0,15,14,1,1,4,49,0,0,1,VERDADERO,16,295,19,100,2,1
edc549b52814d9341be1692d4affc5fd8711144e,3.75,3,2.333333333,2.5,2.666666667,2.75,2.833333333,9,89,0,4,5,0,2,1,0,0,1,1,3,42,1,0,1,FALSO,11,289,18,61.78571582,1,1
41eceab06f53abc1e34e171897fc2d29f8893d09,3.5,3.25,3.333333333,3.333333333,3,2.25,3.111111111,10,89,15,3,0,6,8,1,0,0,1,1,5,57,0,0,0,VERDADERO,12,310,20,90.74285626,2,1
2451d0059bb670bc40f9da1753e453c1275e319a,3,3,3,2.833333333,3,2.75,2.930555556,27,89,26,6,0,0,4,0,5,4,1,1,3,42,0,0,1,VERDADERO,8,258,28,98.79999757,2,1
2563f8ae250e8665af8b731d7216bcbaeb3cc7cb,4,4,4,4,4,4,4,26,89,20,9,8,0,4,1,0,6,1,1,5,31,0,0,1,VERDADERO,13,403,36,100,2,1
bb195eeaae4cde5f09e70f6d4a89214f0ab0ddab,3,2.75,2,3,4,1.25,2.666666667,0,89,0,0,0,0,4,1,21,14,1,1,4,43,0,0,1,VERDADERO,3,219,9,100,2,1
49ed8da2fe0f5d0af4a782f968a61e8fd7738e43,3.25,3,4,3,3.666666667,3.5,3.402777778,10,85,13,0,5,0,3,1,0,0,1,1,4,24,0,0,1,VERDADERO,20,366,34,88.6857152,1,1
9d257ebe5c3cca46793a5bf9910aec938aa70527,3.25,3.25,3,3.833333333,3,3.5,3.305555556,22,85,12,24,0,14,7,0,0,0,1,1,3,26,0,0,0,FALSO,15,555,24,96.10000253,2,1
ffff6fe3c55bc081e4a4ecf4bcf164c5df38b853,3.5,3.75,3,3.5,3.666666667,1,3.069444444,46,85,10,3,11,4,3,0,7,3,1,1,3,45,0,0,0,VERDADERO,22,440,65,96.54285908,2,1
179a660ad227dd147c0049c96604309a3d28648a,4,4,4,4,4,3,3.833333333,37,85,15,21,12,0,6,0,3,0,1,1,3,28,0,0,1,VERDADERO,18,399,38,96.8095243,2,1
9714b25bb3e0f9c5b096b30313a1d7a97944adcb,3,2.5,3.333333333,2.833333333,3,1,2.611111111,31,85,14,0,0,0,8,1,0,0,1,1,6,65,0,0,0,VERDADERO,16,380,38,97.74285555,2,1
c1ca7a9a4cba2416c636fe4e4621015c1b9ac82c,3,3,3.333333333,3.666666667,4,3.25,3.375,22,85,20,7,0,8,5,1,0,0,1,1,5,39,0,0,1,VERDADERO,21,362,43,98.28571677,2,1
a067b07a4bbf7cdd19fe73574391d4832134a24a,3,3,3,2.166666667,3,2.75,2.819444444,28,85,13,3,0,0,5,1,2,2,1,1,3,33,0,0,1,VERDADERO,20,282,50,99.14285541,2,1
66e0e98faa326a3e68b6016ed76155c5eb4427b4,2.75,3,3,2.5,3,2.5,2.791666667,15,85,10,0,8,0,4,1,0,0,1,1,3,20,0,1,0,FALSO,13,318,28,100,2,1
dbd6f8ac8e7a75ea7bf62060ca8c7b40eac677da,2.25,3,3.666666667,3.333333333,3.333333333,2.5,3.013888889,18,80,11,0,0,0,12,1,7,6,1,1,5,23,1,1,0,VERDADERO,13,451,27,100,2,1
b47ec401f2303f9f34d2a36d95255c8df31990ab,1.5,1.5,2.333333333,2.5,3,2.5,2.222222222,13,79,23,9,0,0,4,1,0,0,1,1,2,27,0,1,0,FALSO,17,204,35,61.50000095,1,1
c2bdc56b67d4bad3af28fc84452cb4f0efd8d08d,2,3.25,3.333333333,2.833333333,3.666666667,2.5,2.930555556,22,79,0,0,0,0,3,1,1,1,1,0,4,31,0,0,1,VERDADERO,14,337,24,90.66666961,2,1
3864b6ac5bb5351f827a3907555c0ed266c938ba,3,2.25,3.666666667,3.333333333,4,1.25,2.916666667,27,79,16,11,0,6,3,1,0,0,1,1,3,29,0,0,1,VERDADERO,19,393,42,98.79999757,2,1
057c2f7f7b065e74a8ffb4336a941edcd2704462,4,4,4,4,4,3.5,3.916666667,11,79,11,3,0,0,5,1,4,3,1,1,4,35,0,0,1,VERDADERO,15,371,30,100,2,1
ba2c1cdb7b92e44d17f27f9813798caf8c90de09,3.75,3.75,4,3.666666667,3.666666667,1.5,3.388888889,19,79,7,10,0,0,21,1,0,0,1,1,5,22,0,1,0,FALSO,8,183,18,100,2,1
dddd66c6207541311dc9d9700745b405e0d42ee4,4,3.75,4,3,3.666666667,1.5,3.319444444,7,79,11,0,0,0,6,1,2,1,1,1,7,39,0,0,1,VERDADERO,6,228,13,100,2,1
de5fea878b952b977777f5b7fdf49ce694102029,2.5,2.5,3.666666667,2.833333333,3,1.75,2.708333333,17,72,6,6,0,0,5,1,1,0,1,1,3,25,1,0,1,VERDADERO,11,310,32,96.26666903,2,1
1d92572d9d8361dbe412bf41d873eb948daa89ad,0,1.75,3.333333333,3.5,3.666666667,2.5,2.458333333,4,72,0,0,10,0,5,1,3,3,1,1,5,51,0,0,0,VERDADERO,10,296,13,96.7428565,2,1
22d0385d621a168da2b91d16cbec5fc47f972bdf,3.75,3.5,3,3.333333333,4,1.5,3.180555556,41,72,19,11,4,0,4,0,6,6,1,1,4,38,0,0,1,VERDADERO,13,423,34,97.39999771,2,1
44c59a1ed0bd9e004c44fb835ff5be527eaba6d9,3.75,3.75,3.333333333,3.166666667,4,2.5,3.416666667,6,72,24,3,0,0,2,1,12,10,1,1,4,37,0,0,1,VERDADERO,10,262,14,97.94285893,2,1
66f4b0d5598affea6378c23db8334bc68116f4cc,1.75,2.75,3.666666667,3.333333333,3.666666667,0.75,2.652777778,31,72,0,15,11,6,5,1,0,0,1,1,2,28,0,0,1,VERDADERO,17,353,41,98.60000014,2,1
2b2cbef67cbcde67e7cee86f4f5cdfebccb669f4,3.5,3.5,3.666666667,4,3.666666667,2,3.388888889,18,72,9,3,0,0,2,1,1,0,1,1,6,27,0,1,0,VERDADERO,14,258,27,98.79999757,2,1
23abe2977dd6e3b2a89dc93b62ffc5616f7dab24,2,2.5,2.333333333,2.5,2.333333333,2,2.277777778,21,72,14,17,0,10,10,0,5,5,1,1,4,45,0,0,1,VERDADERO,12,333,39,100,2,1
2b6907e30b46392d9657201fe387e13da286af7c,3,2.5,3,2.5,3,0.5,2.416666667,43,72,0,18,0,0,4,1,20,20,1,1,4,50,0,0,1,VERDADERO,12,279,19,100,2,1
a0b3209086701b1d83e5ca45eda024717894fd4c,1.5,1.5,2.333333333,2.5,2,1.75,1.930555556,29,72,0,17,0,0,4,0,4,3,1,0,4,50,0,0,1,VERDADERO,17,256,47,100,2,1
e0efc4d2fccc68bf0188a80da49e5d31023619ea,3.75,4,4,4,4,3.25,3.833333333,9,67,7,6,0,0,4,1,4,3,1,1,3,63,0,0,1,FALSO,6,189,17,61.34285927,1,1
a7e60c95e1118eb2ecd0cfdbd59b62e627031ea0,2.75,3.75,4,4,4,1.5,3.333333333,14,67,12,3,0,0,6,0,2,2,1,1,3,27,0,0,1,,17,271,29,90.66666961,2,1
d119fc300229f1835e7a7e48aaee97aea968b159,3.5,4,4,3.833333333,3.333333333,3,3.611111111,5,49,34,0,0,0,2,1,1,1,1,1,5,18,0,1,0,VERDADERO,14,328,21,100,2,1
af79fcfc9284557499c5782040d39789bfa2d32d,4,4,4,4,4,3,3.833333333,43,45,0,3,4,0,3,0,4,4,1,1,5,35,0,0,1,FALSO,15,279,51,60.28571725,1,1
69d84a62d5a8082d02b52c42983ddc11cf052fe2,1.5,2.75,1.333333333,2.166666667,3,0.5,1.875,0,45,7,4,0,0,5,1,10,0,0,1,4,28,0,0,0,FALSO,10,92,11,64.99999762,1,1
6058b01a185229d6335eadceeb86eb60f9c6ae6c,2.5,3.75,2.333333333,3.5,3.666666667,3,3.125,6,45,39,3,0,0,5,1,0,0,1,1,4,21,0,1,0,FALSO,10,195,16,67.14285612,1,1
572928f9cd4bf3285c675adb60bc4cabba90c378,4,3.25,3,3.333333333,3,2.5,3.180555556,48,45,5,0,13,0,6,1,2,2,1,1,6,45,0,0,1,FALSO,20,364,35,70.14285922,1,1
22d15427cd4b766a4a976741bc39745f21ccb3f3,4,4,4,4,4,4,4,28,45,0,6,0,0,5,0,4,4,1,1,3,31,0,0,1,FALSO,12,303,25,71.88571692,1,1
836f9b635bc555760a3457bfe027a29de6773d90,4,4,3.666666667,3.333333333,4,1,3.333333333,26,45,21,4,0,0,2,1,6,6,1,1,3,40,0,0,1,VERDADERO,16,337,21,91.9428587,2,1
bcd8610e5cb9aa4745aaed351f9d07d903f7bbd9,3.75,3,3.666666667,3.5,3,2.5,3.236111111,25,45,4,12,0,0,6,1,1,1,1,1,4,22,0,1,0,VERDADERO,17,336,49,92.14285612,2,1
ddb852d6563ffde28480c4da9aca989748d8c8f3,3,2.75,3,2.666666667,3.333333333,1.5,2.708333333,21,45,15,6,0,0,5,1,6,2,1,1,2,43,0,1,0,VERDADERO,9,296,28,92.40952134,2,1
0b7f91f36a9bb819f1ae9fd70e0149971b1a5e54,4,3.75,4,4,4,3.5,3.875,0,45,7,23,0,0,2,1,0,0,1,1,5,31,0,0,1,VERDADERO,7,216,16,93.00000072,2,1
6241149e4020c08c6f91ad303c98f340d580a302,2.25,2.5,3,2,2.666666667,1,2.236111111,0,9,4,6,0,0,6,1,7,4,1,1,4,30,0,0,0,FALSO,7,1,14,31.00000024,0,0
bc48fa3cadedff3e04c52693a74b4b742da616e2,2,2.25,2.333333333,2.666666667,2.333333333,2,2.263888889,0,9,0,3,0,0,2,0,0,0,1,1,3,24,0,1,0,FALSO,4,3,5,4.500000179,0,0
0dbe4d497aeeb99ae098e1e6dceb94ebf509ab33,2,2.5,3,2.333333333,2.666666667,1.5,2.333333333,0,9,4,0,0,0,3,0,0,0,0,0,3,42,0,0,0,FALSO,5,1,9,5.999999866,0,0
60c79f2d0462d986bfec20f4939fce87c56eed04,2,2,2,2,2,2,2,0,6,5,3,0,0,5,1,0,0,1,1,4,24,0,0,1,FALSO,15,4,35,42.14285612,0,0
3abbacf8e771860105509ddda91a6a8269e7f6d7,2.75,2.75,2.666666667,2.5,3,0.25,2.319444444,3,6,0,4,0,0,7,0,1,1,1,1,4,32,1,0,0,FALSO,6,4,13,5.999999866,0,0
912b9cb6afd80022a64e0ec3b0af623b48d541ab,2.75,2.5,2.333333333,2,3,1.75,2.388888889,1,6,0,0,4,0,6,0,0,0,1,1,3,22,0,0,1,FALSO,4,36,6,11.14285737,0,0
aba48041c0f5d3588896a68f34551e9cfcaccd79,3,2,2.333333333,2.5,2.333333333,0.75,2.152777778,2,5,4,0,0,0,6,1,3,0,1,1,5,40,0,0,1,FALSO,9,1,11,59.88571644,0,0
776d1a2cd792fd19506d8ad6c6b87a4dbe771c6c,2.5,2.75,2.333333333,1.666666667,2,2,2.208333333,4,5,5,26,0,0,3,0,0,0,1,1,5,22,0,1,0,FALSO,10,3,31,51.68571472,0,0
5efa6501da6da27ebf981881265a5759df413063,2,2,2,2,2,1,1.833333333,0,4,0,7,0,8,3,0,1,0,1,1,4,30,0,1,0,FALSO,10,1,26,30.14285862,0,0
e1ee21b7df0bf657c6df723e4420f0bdb6ce58c8,2,2,2,2,2,1.5,1.916666667,3,4,5,6,0,0,4,1,5,2,0,0,4,28,0,0,1,FALSO,7,2,9,34.3428582,0,0
74ee49425e227ac965172d03419013737c982e40,1.75,2.25,2,1.5,2,2.25,1.958333333,0,4,4,0,7,0,4,0,0,0,1,1,2,30,0,0,1,FALSO,8,1,14,23.28571379,0,0
f29315f13e8c18d12a9d90d6b1b9085107e9bb81,2,2,2,2,2,2,2,0,4,0,6,0,0,2,0,0,0,1,1,3,32,0,0,1,FALSO,3,1,11,17.73809493,0,0
39449086ba3510dc9bc604c9d42d3d20a9b6f156,2.25,1.25,1.666666667,2.166666667,3,2,2.055555556,3,4,7,7,0,9,4,0,0,0,1,1,4,22,0,1,0,FALSO,16,2,30,46.5428561,0,0
1e2a936ed84bb2a217904c18a7ed307f25d6d54c,1.75,2.25,2,2.5,2.666666667,1.5,2.111111111,0,4,5,3,0,0,2,1,0,0,1,1,3,18,1,0,1,FALSO,7,1,17,32.16666579,0,0
ec102a298691a9464106a996081b965bf2655c3f,2.25,2.25,2.333333333,2.666666667,2.333333333,1.25,2.180555556,0,4,0,0,0,0,5,0,1,1,1,1,6,29,0,0,1,FALSO,2,1,8,5.999999866,0,0
7891270d8530b7442d6328d64f1182d144f94d48,1.75,1.75,2.666666667,2.166666667,3,1.75,2.180555556,0,4,5,8,0,0,7,1,1,0,1,1,4,20,0,1,0,FALSO,10,4,26,44.60000098,0,0
7ee062e2400c5cf2bbdf19c8c66badbab1b0f86c,3.25,1.5,2,2.833333333,3.666666667,0,2.208333333,0,4,6,0,0,0,6,1,4,4,1,1,3,19,0,1,0,FALSO,8,9,13,34.94285643,0,0
7ad230e07962a1de11cb5101171b9085dc4c3992,1.5,2.5,3,2,2,2.5,2.25,0,4,0,0,0,0,2,0,1,1,1,1,4,31,0,0,1,FALSO,8,10,10,2.999999933,0,0
a0d1a000ee3572c31acf9d57f9569720ba561f1e,1,2,2,2.333333333,3.333333333,3,2.277777778,0,4,4,0,0,0,5,0,0,0,1,1,2,20,1,0,1,FALSO,4,1,9,31.00000024,0,0
db5c48f6cfe8e46202102d0b62b5e881d0355f4b,2.5,2,2.666666667,2.5,2.333333333,2,2.333333333,3,4,5,9,8,0,5,1,1,0,1,1,3,20,0,1,0,FALSO,7,1,19,56.2857151,0,0
981c66047a39459e307713a36379d115c983983e,2,2.75,2.333333333,3,3,1,2.347222222,0,4,0,3,0,0,4,0,1,1,1,0,2,34,0,0,1,FALSO,7,2,14,28.08571458,0,0
56baa60f40b7d50a0cdec5d598d4bc34e7156a0e,3,2.5,3,2.5,2,1.25,2.375,0,4,0,0,0,0,6,1,2,1,1,1,3,22,0,0,1,FALSO,2,1,2,5.999999866,0,0
7f8940ca917bf1a5b4acb3d2f5e8e4f48c309c33,1.5,1.5,1.666666667,1.333333333,1,0.25,1.208333333,4,3,3,0,0,0,10,1,0,0,0,0,4,26,0,0,0,FALSO,4,15,9,23.28571379,0,0
6f086c15c025d98ecbde07785f7b4a67db593cca,2.25,2,1,1.166666667,1.333333333,2.5,1.708333333,0,3,5,0,0,0,4,1,0,0,1,1,3,19,0,1,0,FALSO,9,3,14,16.28571451,0,0
faef77c3e151a41c540ecd16f0831c26d9fa552f,2,2,2.333333333,2.166666667,2,1,1.916666667,2,3,0,0,0,0,5,1,2,2,1,1,5,28,0,0,1,FALSO,2,1,5,24.1428569,0,0
a710053c295f5f7e166c127f6f293b5059f72413,0.75,2.75,3.333333333,2.333333333,2.666666667,0.5,2.055555556,0,3,5,0,0,0,3,0,3,2,0,0,4,35,0,0,1,FALSO,3,6,6,48.28571379,0,0
dc00d000416b9e07b952bd6607eae0151fb38c69,2,2,2.666666667,2.333333333,2,2.5,2.25,2,3,9,0,0,0,4,0,0,0,0,0,5,20,0,1,0,FALSO,9,1,19,16.71428531,0,0
2934db2bd41d1f1c5ef24bb83cf5a14bf99b6da9,1.5,1.75,2,2.5,3.333333333,2.5,2.263888889,2,3,5,6,0,0,2,0,5,5,1,1,2,39,0,0,0,FALSO,10,4,28,47.94285595,0,0
9a122ffc261b161d6e47525a03feeb9249c50480,2.5,2,3,2.166666667,2.666666667,1.5,2.305555556,0,3,5,0,0,0,5,1,0,0,1,1,3,25,0,1,0,FALSO,2,3,2,5.999999866,0,0
85128c91761402704a3b0764e190730bef1a230b,1,1.75,3,2.333333333,3.333333333,2.5,2.319444444,0,3,5,4,0,0,6,1,1,0,1,1,4,42,0,0,1,FALSO,10,5,29,55.14285564,0,0
6529fa2439bcb41e9a8ba7292c311e81c2c25997,2,2,2.333333333,2.166666667,3,2.5,2.333333333,0,3,0,0,0,0,4,1,3,1,1,1,4,28,0,0,1,FALSO,5,4,5,24.1428569,0,0
7b026b4c5f68aa6b6b6f2b5370c1cf3948200c7e,3.5,2.25,3,1.666666667,1.666666667,2,2.347222222,0,3,0,0,0,0,6,0,0,0,1,1,5,29,0,0,1,FALSO,8,2,19,24.1428569,0,0
bf7bf66ab7026c9bb369cc1614e6d2d81a4f14ab,2.25,2,3,2.5,2,2.5,2.375,4,3,0,0,0,0,4,0,0,0,0,0,2,16,0,0,0,FALSO,3,2,5,5.999999866,0,0
1f8d9ac95d06d33e6c13fddee62b9f75a9b8c86a,1,2,3.666666667,2.333333333,3,2.25,2.375,0,3,5,8,0,0,3,1,0,0,1,1,4,23,0,1,0,FALSO,10,2,15,54.79999781,0,0
7e5eefaf7ecd5bdf93832f943d273e53f16f3687,3,2.75,2.333333333,1.833333333,2.666666667,1.75,2.388888889,0,3,0,3,0,0,4,1,5,5,1,1,5,20,0,1,0,FALSO,2,1,4,5.999999866,0,0
82a05c170d4d5ede22cffc568b1f67b241cf177d,2.5,2.75,3.333333333,1.833333333,2.333333333,1.75,2.416666667,0,3,4,0,0,0,5,0,0,0,1,1,5,19,1,1,0,FALSO,2,15,3,10.28571427,0,0
7b9b68f4f3a6b9fa3a598a1e8ace8f72b6f4bf58,0.75,1,2.666666667,1.166666667,1,0.5,1.180555556,0,2,4,0,0,0,6,0,0,0,1,1,2,17,0,1,0,FALSO,10,10,13,23.28571379,0,0
16801e020b8e5a77d19ae5ba5d49d7b17973e2f1,1.25,1.75,1.666666667,1.833333333,1.666666667,1.25,1.569444444,0,2,0,0,0,0,4,1,0,0,0,0,3,26,0,1,0,FALSO,1,9,1,16.28571451,0,0
26e9472cfa843db3cadc575dbd1bb353dd2a1fd0,1.25,0.75,2,2.333333333,2,2,1.722222222,3,2,0,4,0,0,1,0,3,2,1,1,5,27,0,0,1,FALSO,8,1,10,16.50000066,0,0
164431801e6a3a443e33bc75d70c7472353710cd,1.75,1.75,1.666666667,1.833333333,2.666666667,1.5,1.861111111,0,2,0,3,0,0,6,1,0,0,1,1,4,21,0,1,0,FALSO,12,1,23,46.7428565,0,0
784a018e5193f41ab240343b153a8b67855c15c6,1,2.25,3.333333333,1.333333333,2.333333333,1,1.875,0,2,4,0,0,0,2,1,1,1,1,1,2,20,0,1,0,FALSO,4,3,6,28.94285619,0,0
57844e624552b964c677ec72122d6884d529ba6e,2,2,2,2,2,1.5,1.916666667,0,2,0,0,0,0,3,0,1,0,0,1,3,20,0,0,1,FALSO,3,3,4,8.976190537,0,0
1690f21f4ae769e3744dad29452d471766560c36,1,2.25,2.333333333,2.166666667,2.333333333,1.5,1.930555556,0,2,0,0,0,0,8,0,0,0,1,0,2,19,0,1,0,FALSO,5,8,5,24.1428569,0,0
f431ba77e4bfd6f73bea98e9522511db2e591793,1,2.5,2.666666667,2,3,0.5,1.944444444,0,2,0,0,0,0,5,1,0,0,1,1,3,23,0,1,0,FALSO,2,4,2,4.500000179,0,0
9b267153b93f54890103c265390def73b98ff468,2,2.25,2.666666667,1.5,2.333333333,1,1.958333333,4,2,0,9,0,5,4,1,4,0,1,1,4,23,0,1,0,FALSO,5,2,8,25,0,0
cb68c1e8a3151ef7ae4a22854a16ee581bcdad7b,1.75,1.75,2.333333333,2,1.666666667,2.25,1.958333333,2,2,0,0,6,0,5,0,3,2,1,0,6,43,1,0,1,FALSO,18,1,25,35.28571427,0,0
a50f55ae782d6890c23d6ab7ed8afee2b14bcc86,1.5,3,3,1.5,3,0.25,2.041666667,1,2,0,0,0,0,4,0,0,0,1,1,3,25,0,1,0,FALSO,5,1,7,15.4285714,0,0
450114c7fc57642056b258584d8e4de0129ad892,2.25,2.25,2.333333333,1.166666667,2.333333333,2.25,2.097222222,0,2,4,7,0,0,5,0,0,0,1,1,3,22,0,1,0,FALSO,6,1,15,44.94285583,0,0
33c259cc8295191b0ea4fed9d3335892dea8c10a,2.75,1.75,1.666666667,2.666666667,2.666666667,1.25,2.125,0,2,5,0,3,0,5,1,1,0,1,1,4,22,0,1,0,FALSO,4,5,8,25.72857141,0,0
65f7a7eb6161bf33fc4345e6fc0337339f5db37d,1.75,2,3,1.5,2.333333333,2.25,2.138888889,0,2,0,0,0,0,8,0,4,3,1,1,5,38,0,0,1,FALSO,4,1,4,5.999999866,0,0
6e06e5ac682a2c3023ade167b8d9c0e2a332ecdc,1.75,2.25,1.666666667,2,2.666666667,2.5,2.138888889,0,2,5,3,0,0,3,0,1,1,1,1,2,19,0,1,0,FALSO,13,2,20,57.94285536,0,0
b0ac2c933a0be685aab06d26bdbc349bd5a7cc60,1.5,1.75,3,1.833333333,2.333333333,2.5,2.152777778,0,2,4,0,0,0,4,0,1,0,1,1,2,17,0,1,0,FALSO,5,10,5,23.28571379,0,0
b520964fd70ee74dd3eb0cbac7a409154ecbc7ba,2.25,1.75,2,2,2,3,2.166666667,0,2,0,0,0,0,2,1,0,0,1,1,5,32,0,0,1,FALSO,16,10,27,39.0142858,0,0
55060c9e8460f8844666aff28ffd5be76b5761be,3,2.25,2.333333333,2.833333333,2,0.75,2.194444444,4,2,5,7,0,0,4,1,1,1,1,1,3,48,0,0,1,FALSO,11,8,20,37.75238097,0,0
6e1559dd99a9f772899d51f9710836cf0ee43349,2,1.75,2,2.333333333,2,3.25,2.222222222,0,2,0,0,0,0,1,0,0,0,1,1,4,34,0,0,1,FALSO,2,2,2,2.999999933,0,0
691330a9d96cd242a6b478e81fed20f97e3493b8,2,2.5,2.333333333,2.333333333,2.666666667,1.5,2.222222222,2,2,0,0,0,0,3,0,3,2,1,0,3,25,1,1,0,FALSO,3,7,4,4.800000042,0,0
59c05e6ff841c1593cdfe4971dc24a4613352716,3,2,1,2.5,3.666666667,1.25,2.236111111,2,2,0,6,0,0,5,0,0,0,1,1,3,25,0,1,0,FALSO,8,8,19,38.24285567,0,0
d9a932cc85393c37709aa39e22fce035dff00ff3,2,3.25,1,2.333333333,1.666666667,3.25,2.25,4,2,0,0,0,0,4,0,0,0,1,1,3,17,0,1,0,FALSO,1,10,1,11.99999973,0,0
08635e0c4739a78946c43f28e64af0fe32809966,2,2.5,2.333333333,2.666666667,2.666666667,1.5,2.277777778,0,2,0,0,0,0,5,1,0,0,0,1,5,34,0,0,1,FALSO,3,5,4,7.285714149,0,0
6e7aae134e3fbf22d33fecc1f43b19ae5e10909b,2.25,3,2.333333333,2.5,2.666666667,1,2.291666667,0,2,0,0,0,0,3,0,5,3,1,0,2,27,0,1,0,FALSO,2,5,2,24.1428569,0,0
16805ed9bc9169e3913e6bfac042a5080af91657,2.25,2.5,2.333333333,2.166666667,3.333333333,1.25,2.305555556,0,2,5,0,0,0,3,1,7,4,0,0,4,23,0,0,1,FALSO,5,1,5,20.33333331,0,0
50294e4134c27482741d08c26ce7948198d1b2c0,2.25,2.75,3,2.5,2.333333333,1.25,2.347222222,0,2,0,0,0,5,6,0,0,0,1,1,5,29,0,0,1,FALSO,4,5,6,13.71428519,0,0
59ddce39b8581b76abaf4e643bce85f3b20243c9,2.75,2.25,2,1.833333333,3,2.25,2.347222222,2,2,0,0,0,0,5,1,0,0,0,1,5,22,0,1,0,FALSO,1,8,1,21.78571373,0,0
d8d2f3f3df62f85fdb74cb7f034e00631521571d,2,1.75,2.333333333,0.666666667,2.333333333,0,1.513888889,0,1,6,7,0,6,4,1,0,0,1,1,3,31,0,0,1,FALSO,6,1,8,41.14285707,0,0
fa3cf656a310caae4cdad92ea6ff64d396b94c59,2.75,1,2.333333333,0.833333333,2,1.5,1.736111111,2,1,0,7,5,0,3,0,0,0,0,0,2,18,0,1,0,FALSO,12,2,33,44.14285719,0,0
31b9ea057b1bd509c675fc2d2db76c1db57183db,1.5,2,2.333333333,2.5,2,0.25,1.763888889,1,1,0,3,0,0,1,1,4,4,0,0,6,41,0,0,1,FALSO,10,10,19,51.34285688,0,0
28b269b24920cfd86353ad708a1d70617d2fdba1,1.25,1.5,2.666666667,2.333333333,3,1.5,2.041666667,0,1,0,5,0,0,3,1,1,1,1,1,3,42,0,0,1,FALSO,4,1,4,9.642857313,0,0
c191599ff8d1f9a6a304a58e0ba049dbea3c5276,0,2.5,3.333333333,3.333333333,3.333333333,0,2.083333333,4,1,0,0,0,0,4,1,5,1,1,1,4,46,0,0,1,FALSO,1,1,2,5.999999866,0,0
284be1bfdd209ef6c947e8e249f5720c27ca8f89,2.75,2,2.666666667,2.166666667,2.333333333,1.75,2.277777778,2,1,6,6,0,0,6,0,0,0,1,1,1,16,0,1,0,FALSO,4,2,9,24.1428569,0,0
42eebd631aba4410d8707538161c5460abfedee4,1.75,2,1.666666667,2.333333333,3.333333333,2.75,2.305555556,0,1,0,0,0,0,2,1,0,0,1,1,2,42,0,0,0,FALSO,3,1,7,4.500000179,0,0
03ae4566a00735b83bdbcd2e193450106441c329,2.5,2.5,3,1.833333333,2,2.5,2.388888889,0,1,0,0,0,0,6,0,0,0,1,1,2,,0,0,1,FALSO,2,40,4,7.928571105,0,0
3be027d3b7aeffe2d6a0b9897567cfd32ea73434,1,1.25,2,1.333333333,1.666666667,0.75,1.333333333,5,0,0,0,0,0,3,0,0,0,1,1,2,19,0,1,0,FALSO,2,13,3,0,0,0
a707ec518185b1af4966b6626817eee899c8b54a,1,1.75,1,1.666666667,2.333333333,0.25,1.333333333,3,0,0,0,0,0,3,1,8,3,0,0,6,55,0,0,0,FALSO,3,26,4,5.999999866,0,0
2f7f908b3c1fe714deee2d0cef8a530538590c9b,0.5,1.5,1.666666667,2.166666667,1,1.5,1.388888889,3,0,0,0,0,0,3,1,0,0,1,1,2,27,0,0,1,FALSO,2,17,3,0,0,0
0dc777d6fdff014849398cbfdd6de7b744a84907,1.75,2.25,2,1.166666667,0.666666667,0.75,1.430555556,4,0,0,6,0,0,3,1,0,0,1,1,3,21,1,1,0,FALSO,17,1,27,57.08571672,0,0
258fd8ad2ac0391d8062153264c84a1be2ea9233,1.5,1.5,1.333333333,1.666666667,1,1.75,1.458333333,5,0,0,0,0,0,3,0,0,0,1,1,3,27,0,0,1,FALSO,1,1,1,0,0,0
59e0fb2ec93796d395d0636912176fabccc2f484,2.25,1.75,1.333333333,1,2,0.5,1.472222222,3,0,0,0,0,0,3,0,3,2,0,0,3,44,0,0,1,FALSO,1,1,1,0,0,0
624459d4cefc5d97a462b005eba81a23ba5c604f,1.25,1.25,1.333333333,1.5,2,1.75,1.513888889,0,0,0,0,0,0,2,0,4,5,1,1,3,47,0,0,1,FALSO,1,4,1,0,0,0
772107dbaec459583cafa603fdfd3d19729d68a3,0.5,2,2,1.166666667,2.333333333,1.25,1.541666667,4,0,0,0,0,0,7,1,0,0,0,0,5,34,0,0,1,FALSO,2,13,2,0,0,0
b8109d4eea4cad526362996b27c2a21f93915e29,2.5,1.75,1,1.333333333,1,2,1.597222222,0,0,6,0,0,0,2,0,4,4,1,0,5,30,0,1,0,FALSO,1,8,1,2.999999933,0,0
e28328bb4cc7ca64e4e92ac1e6909444861201ad,1.5,1,1.666666667,2.5,1.666666667,1.25,1.597222222,5,0,0,0,0,0,2,1,1,0,1,1,2,19,0,1,0,FALSO,1,12,2,5.999999866,0,0
ea7009a712edf4325fa07b4564e06f6008dad329,1.5,1.5,1.333333333,1.666666667,2,1.75,1.625,0,0,0,0,7,0,1,1,2,2,1,0,5,32,0,0,0,FALSO,4,10,6,5.999999866,0,0
bb3855a9e9ab7631c95de47b4158d49941313398,2,2,2,1.833333333,1.333333333,0.75,1.652777778,0,0,0,0,0,0,5,1,0,0,1,1,6,23,0,1,0,FALSO,1,1,1,0,0,0
1d266b2810c82004d7c9ed5164395525ddf568f0,2.5,1.5,1.666666667,0.833333333,2,1.5,1.666666667,5,0,5,0,0,0,2,1,1,1,1,1,5,33,0,0,1,FALSO,13,2,16,5.999999866,0,0
5a2bb2eabb19bf16122fb73c3e67bbd52ac13c17,0.75,1.25,1.666666667,2.5,2.666666667,1.75,1.763888889,1,0,0,0,0,0,2,1,4,6,1,0,6,40,0,0,1,FALSO,1,1,2,0,0,0
45a78672e11ef94806eed9eeefd4217212da654e,2,1.5,2.333333333,1.333333333,3,0.5,1.777777778,0,0,0,0,0,0,5,0,0,3,1,1,4,25,1,0,0,FALSO,2,1,2,0,0,0
8c08b2f11585ff48496de486b94efc5c4037473c,1.5,2,1.666666667,2.166666667,2.333333333,1,1.777777778,0,0,5,0,0,0,3,0,2,0,1,1,4,37,0,0,1,FALSO,3,12,5,5.999999866,0,0
6cc2191c35fb85b231863136502cd0e89b6143f1,2,2,2,2,2,1,1.833333333,0,0,0,0,0,0,3,1,0,0,1,1,5,36,0,0,1,FALSO,1,7,1,0,0,0
4c2f0ed89fbf7e39396fe1f81dc4fc5afb5b83f5,1.75,2,1.666666667,2.833333333,2,0.75,1.833333333,0,0,5,0,0,0,1,1,5,5,0,0,5,20,0,1,0,FALSO,2,4,3,5.999999866,0,0
ca517f4295b323878f0fbd64b97582fabb31085c,1,2,1.666666667,2.166666667,2,2.25,1.847222222,4,0,0,0,0,0,3,1,5,3,1,0,6,24,0,1,0,FALSO,1,1,1,0,0,0
d6eacfca0716970a3949865a257895a5986c4e75,2,1,2.666666667,2.166666667,3.333333333,0,1.861111111,0,0,0,0,0,0,3,1,3,2,1,0,5,30,0,0,1,FALSO,1,1,1,0,0,0
6a8ec8d9bc2d5487d47540987147a3c7e1db779b,1.75,1.75,1.333333333,2.333333333,2.333333333,1.75,1.875,2,0,0,6,0,0,5,1,4,2,1,1,4,21,0,1,0,FALSO,7,1,11,14.5714283,0,0
0c3b5ce31f12e865a5c0939e2c2a1011ac42c2db,1,1.5,3,2,2.333333333,1.5,1.888888889,2,0,0,0,0,0,2,1,2,2,0,0,3,21,1,1,0,FALSO,1,2,1,0,0,0
38e49985cc209202d4f360f6f61dfde5ace969ed,1.5,2.25,2.666666667,1.833333333,2.333333333,0.75,1.888888889,0,0,0,0,0,0,1,0,0,0,0,0,2,18,0,1,0,FALSO,1,7,1,0,0,0
b2ff27aa998d882ecb29aa2d2da1e73876836200,2,2.25,2.333333333,2,1.333333333,1.5,1.902777778,0,0,0,0,0,0,7,0,0,0,1,1,4,20,0,1,0,FALSO,1,1,1,0,0,0
c580cd4c6e68438c9d7ece3d7eef20eac805fb25,3.5,2,0.333333333,2,2.333333333,1.25,1.902777778,0,0,0,5,0,0,7,1,1,1,1,1,6,22,0,0,1,FALSO,1,2,3,13.92857134,0,0
66864d3218dc5c595a6e2b541e83d710a9c0bd09,1.75,1.75,2,2,2,2,1.916666667,0,0,0,0,0,0,6,0,0,0,1,1,4,32,0,0,1,FALSO,1,5,2,0,0,0
ea7808ae41f377402d1ab8419498d0cbe350c483,2,1.75,2.333333333,1.5,2,2,1.930555556,4,0,0,0,0,0,5,1,5,5,1,0,6,40,0,0,1,FALSO,1,1,1,0,0,0
071e3017857d612511c0f65d96073315694e1c7b,2,2,2,1.833333333,2,1.75,1.930555556,0,0,0,3,0,0,4,0,1,0,0,1,3,21,0,1,0,FALSO,2,4,3,4.500000179,0,0
ba80c81faaf309d372060b8f09d719b9d8312970,1,2,2,2.333333333,2.333333333,2,1.944444444,2,0,0,0,0,0,3,0,3,1,1,1,5,29,1,0,1,FALSO,3,5,3,0,0,0
0a763eda0141d1cb73b1437c9515afc7472a13c2,1.75,2,2,1.666666667,2,2.25,1.944444444,0,0,0,0,0,0,4,0,1,1,1,1,3,24,0,1,0,FALSO,1,18,1,0,0,0
c2cc83beb3614698f2ff3c84667a4a09ec4e62b9,1.75,2,2,2,2,2,1.958333333,2,0,0,0,0,0,2,0,5,5,1,1,5,25,0,0,1,FALSO,1,20,1,0,0,0
01deb91952f0e044f90680f8e71384541ccd97c3,2,2,2.666666667,2.833333333,2,0.25,1.958333333,0,0,0,0,0,0,2,0,4,2,1,1,3,,1,1,0,FALSO,4,1,4,11.14285737,0,0
a64afa8c4386b5405d1e5d3c53aaaebd7659d081,2.75,2.25,1.666666667,1.666666667,1.333333333,2.25,1.986111111,2,0,6,0,0,0,5,1,2,2,1,1,3,22,0,0,0,FALSO,4,7,4,4.500000179,0,0
9cb3eda4f763168c4c5d5a20420ab75ed878e8eb,2,2.5,2.333333333,2.333333333,2.333333333,0.5,2,0,0,0,9,0,0,4,1,5,7,1,1,7,47,0,0,1,FALSO,20,3,26,42.14285612,0,0
529483ff0fcdc721483dfbf8a107c68d66623c19,2,2,2,2,2,2,2,0,0,0,0,0,0,3,0,5,5,1,1,3,46,0,0,0,FALSO,1,4,1,0,0,0
e3331bd451db14cf5dccdcdc3012c665b350c9ee,2,2,2,2,2,2,2,0,0,0,0,0,0,4,0,1,1,1,1,2,15,1,1,0,FALSO,1,15,1,0,0,0
4a5a09e94e4392992003c1707c892523efe4e37b,2,2,2,2,2,2,2,0,0,0,0,0,0,2,1,0,0,1,1,3,38,0,0,1,FALSO,2,1,4,1.499999966,0,0
59f951d06c53d7793ee2aa813dc54f7e58b78ef5,2,2,2,2,2,2,2,0,0,4,0,0,0,5,1,1,1,0,0,3,24,0,1,0,FALSO,1,2,1,2.999999933,0,0
b90a9a9b888045ee1233b2bfc2006bf26c0ac0bb,2,2,2,2,2,2,2,0,0,5,0,0,0,8,0,1,1,1,1,5,53,0,0,1,FALSO,7,2,14,11.14285737,0,0
579ac59aed8ec0114d188f86994185fb437b5973,1.75,2.25,3.333333333,2,1.666666667,1,2,4,0,4,3,0,0,3,0,4,1,1,1,6,34,0,0,1,FALSO,4,1,6,25,0,0
2db419f3ab19a213764c8a5678953aed49c6580d,2,2.25,2.666666667,2.166666667,1.666666667,1.25,2,6,0,0,0,0,0,5,1,3,2,1,1,3,27,0,0,1,FALSO,1,5,1,0,0,0
44476b624cec0993e1c15c61f168b62b6f416218,2,2,2,2.166666667,2,2,2.027777778,0,0,0,0,0,0,5,0,0,0,0,0,3,24,0,1,0,FALSO,2,3,2,0,0,0
878658c3329f7ee328e52f844a11d8c48d4c6026,1.75,2.25,2,3,1.666666667,1.5,2.027777778,0,0,0,0,0,0,6,1,0,0,1,1,3,31,0,0,0,FALSO,2,3,2,0,0,0
dcee83b7bc8adff38bc6048cac87e7ce454e7305,2,2.25,2.333333333,1.833333333,2.333333333,1.5,2.041666667,0,0,0,0,0,0,4,0,0,0,1,1,4,34,0,0,1,FALSO,1,16,1,0,0,0
a5ccf04b28d5caa99835a27de8a83ffddf5ded6f,2.5,1.75,2,2,2,2,2.041666667,0,0,0,0,0,0,5,0,4,2,1,1,3,23,1,1,0,FALSO,1,1,1,0,0,0
7fca77d55d4911adaae2fe23ea092af34edf621a,1.75,1.5,2.333333333,2.333333333,2.666666667,1.75,2.055555556,2,0,0,0,0,0,6,0,0,0,1,1,2,18,0,0,0,FALSO,3,1,4,5.999999866,0,0
0bd7af69f8dfd8df3d1d7244e03811e3864ffb7f,2.5,2,2,2,2,2,2.083333333,1,0,0,0,0,0,3,0,5,4,1,1,5,26,0,0,1,FALSO,1,1,2,0,0,0
fd44d992244722538523f79d8720fa3a4267f876,1.25,1.75,2,1.833333333,2.666666667,3,2.083333333,0,0,0,0,0,0,3,0,1,0,0,0,5,23,0,0,0,FALSO,1,1,1,0,0,0
9a9dd72f650c032774f5bec477a0fd754ca5b542,1.75,1.5,2.666666667,2,2.333333333,2.25,2.083333333,0,0,5,0,0,0,5,1,0,0,1,1,3,17,1,0,1,FALSO,1,7,1,1.499999966,0,0
4b14db85e1a50baaaaeeefa79c4ba11bbf18f451,2.75,1.5,2,2.666666667,1.666666667,2,2.097222222,2,0,5,0,0,0,6,1,4,2,1,1,4,20,0,1,0,FALSO,2,3,2,5.999999866,0,0
96681d86032411ba4454c6151c3031c9eb6b09cf,1.25,2.5,4,2.333333333,1.333333333,1.25,2.111111111,0,0,0,0,0,0,4,0,1,0,1,1,3,21,1,1,0,FALSO,1,4,1,0,0,0
892fedacc29a67975e7f4091fdb751570922cc57,1.5,1.75,3,2.333333333,2.333333333,1.75,2.111111111,0,0,5,0,0,0,4,1,0,0,1,1,3,22,0,1,0,FALSO,1,4,1,5.999999866,0,0
89f0c62e0f9cb949eaf11804dbcf3ef2212b09d9,1.25,1.75,3,2.666666667,2,2,2.111111111,0,0,0,0,0,0,2,0,5,1,1,1,4,32,1,0,0,FALSO,1,1,1,0,0,0
1879bd9549844d15f048d712a4b394008cea7c30,0.75,2.25,4,2.333333333,2.666666667,0.75,2.125,4,0,5,0,0,0,4,1,0,0,0,1,5,24,0,0,0,FALSO,1,4,3,1.499999966,0,0
80cdcc929e2590e98da4a67169cb25a6ff5619a8,1.5,2.25,2,2,2,3,2.125,0,0,0,0,0,0,5,0,0,0,1,1,5,33,0,0,1,FALSO,3,6,4,1.499999966,0,0
bcd49ffb71bf86408425a9f7465c9c4618b0cfe0,2,2,3,2.166666667,2.333333333,1.25,2.125,0,0,0,3,0,0,4,1,4,3,1,1,6,54,0,0,1,FALSO,4,13,5,5.999999866,0,0
ba06684129e5f6d608dfcf352f341d8721192778,2.5,2.75,1.333333333,1.166666667,2.333333333,2.75,2.138888889,2,0,0,0,0,0,8,0,0,0,1,1,2,20,0,1,0,FALSO,1,5,1,0,0,0
d03980050992ad47d895ac14ca230d3782e00f23,2,2,2,2,2.333333333,2.5,2.138888889,0,0,0,0,0,0,4,0,2,1,1,1,3,30,0,0,1,FALSO,1,9,3,0,0,0
ad90d44c73388673b35a6da34e5efc059adb3aab,2,2,2,2.166666667,2.666666667,2,2.138888889,2,0,0,0,0,0,6,0,0,0,1,1,3,20,0,1,0,FALSO,6,2,9,4.500000179,0,0
8d860c1cc57f484ff9bff659bcf40bdf318b94d8,1.75,2.5,3,2.333333333,2.333333333,1,2.152777778,2,0,0,8,0,0,6,1,3,0,1,1,3,23,0,1,0,FALSO,5,1,9,18.00000072,0,0
4fb8c447a352d6fdc07de5c0f8df343d45bbfaa2,1.5,2.75,2.666666667,2.166666667,3.333333333,0.5,2.152777778,5,0,0,0,0,0,1,0,2,0,1,1,3,49,0,0,1,FALSO,1,3,1,0,0,0
2786f4b25a6b7d7aedc52d1d78dd235bdac0e237,2.5,2.25,2.333333333,1.666666667,1.666666667,2.5,2.152777778,0,0,5,0,0,0,4,0,1,4,1,1,4,36,0,0,1,FALSO,2,8,2,5.999999866,0,0
00755b8fb37a46d0418f9509d6d678ebd1e77a20,2.25,2,1.333333333,2.833333333,3.333333333,1.25,2.166666667,0,0,0,0,8,0,3,0,1,0,1,1,5,24,0,0,0,FALSO,2,16,3,4.500000179,0,0
455bd2b504784149282ab34a626b65b074d75855,2.5,2,2.333333333,2,2.666666667,1.5,2.166666667,0,0,0,0,0,0,4,1,4,3,1,1,6,40,0,0,1,FALSO,1,1,2,0,0,0
8b3fc89cc903d1df5c3e3e2eba5354a31dbe4a4d,2,1.75,3,2.166666667,2.333333333,1.75,2.166666667,0,0,0,0,0,0,3,0,1,1,1,0,5,32,0,0,1,FALSO,10,2,15,0,0,0
cdfec67d77f9dfb2f0f04b02504a8a502c5d1148,2,2,2,2,2,3,2.166666667,0,0,0,0,0,0,6,0,0,0,1,1,3,46,0,0,1,FALSO,1,1,1,0,0,0
5fd806059800f56c79bb3acddb4e774002cd9acb,2,2,4,1.833333333,2.666666667,0.5,2.166666667,0,0,0,0,0,0,2,0,1,0,1,1,2,42,0,0,0,FALSO,3,1,3,4.500000179,0,0
4c165797c869f1b9227e5becaec8ed5f3849f89c,2,2,2,2,2,3,2.166666667,0,0,0,12,0,0,6,1,1,0,1,1,4,25,0,0,1,FALSO,8,9,14,36.48571372,0,0
95d04f91d1a44cd0e379d906a29c76e469659f95,1.25,2.5,1.333333333,1.5,3,3.5,2.180555556,2,0,0,0,0,0,2,0,0,0,0,0,2,19,0,0,0,FALSO,1,11,1,0,0,0
1f01a4431d3a6d1a4e5652e1c9cb4776392acba2,2,2.75,2.666666667,1.666666667,2,2,2.180555556,4,0,0,0,0,0,4,1,0,0,1,1,3,21,0,1,0,FALSO,1,1,1,0,0,0
7152cb081d93c89a1a4e4ac6419489783928dd8b,2.5,2.25,2,2.166666667,2.666666667,1.5,2.180555556,0,0,0,0,0,0,5,1,0,0,1,1,3,20,0,1,0,FALSO,1,4,1,4.500000179,0,0
d883b820b18fa93897dda9d90065ee4cb1797e56,0.5,2,2.666666667,2.166666667,2,3.75,2.180555556,0,0,5,3,4,0,6,0,4,3,1,1,3,35,0,0,1,FALSO,9,3,20,23.28571379,0,0
0fc6b14d924fc24340bbe7e8a0a1eb1c081d73ae,2.25,1,3.333333333,2,2.666666667,2,2.208333333,2,0,0,0,0,0,6,1,0,0,1,1,4,35,0,0,0,FALSO,1,10,1,0,0,0
36ff0d5dcfdeafc33594b7498704ac5c2b524743,2.75,3,2,1,3,1.5,2.208333333,0,0,0,0,0,0,4,0,3,0,1,1,2,19,0,1,0,FALSO,1,1,1,0,0,0
8c5e7bb098d0200a09c201283616f548eaebc413,2,1.25,1,2.666666667,2.333333333,4,2.208333333,0,0,0,0,0,0,7,0,0,0,1,1,3,28,0,0,1,FALSO,4,2,6,2.999999933,0,0
e1f3e46e682b9ea2b48d787abf52e6543e03f478,2,1.5,2,2.333333333,2.666666667,2.75,2.208333333,0,0,0,3,0,0,4,0,3,2,1,1,5,30,0,0,1,FALSO,3,3,3,2.999999933,0,0
ce8e83aee68bf75b5e93aa9eb9ec463cf0ee797b,2.5,2,2.333333333,2.166666667,2,2.25,2.208333333,0,0,5,3,0,0,2,1,1,1,0,1,3,31,0,0,1,FALSO,4,2,4,5.999999866,0,0
7dee19bd33989affc2b845e9af213f94234b5698,1.25,2.25,3.333333333,2.333333333,2.666666667,1.5,2.222222222,5,0,0,0,0,0,6,1,0,0,1,1,3,21,0,1,0,FALSO,1,1,1,0,0,0
ee2cb41a2e2dbf1b88ae1fc0b1cb29029472df4f,2.25,2.75,2.666666667,2.666666667,2,1,2.222222222,2,0,6,0,0,0,3,1,1,0,1,1,5,28,0,0,1,FALSO,2,8,4,2.999999933,0,0
f17696fbd771e27e3d0e082da4ef46b6dd2eac20,2,2,3.666666667,2,2.666666667,1,2.222222222,0,0,5,0,0,0,1,1,4,5,1,1,4,27,0,0,1,FALSO,9,10,14,9.642857313,0,0
bc02fcd7f496fc6668573a0b7ac087a05c20d91d,3,1.25,2.666666667,2,2.666666667,1.75,2.222222222,0,0,0,0,0,0,4,1,6,6,1,1,2,46,0,0,1,FALSO,3,1,8,24.1428569,0,0
fc35a041ff7d679cc697b8308fbdc698005768a9,2.5,2.5,2.333333333,2.333333333,2,1.75,2.236111111,0,0,0,0,0,0,7,0,0,0,1,1,3,23,0,1,0,FALSO,1,1,2,0,0,0
e5714a08c3b1cbb5de09d72feafd30a50d1cafd8,2.5,2.25,2.666666667,1.666666667,2.333333333,2,2.236111111,0,0,0,0,0,0,3,0,5,4,1,1,6,30,0,0,0,FALSO,2,1,1,0,0,0
dedb6fa8f546672eaa3ee933eab0db7ae804f47f,3,2.5,2,2,2.666666667,1.25,2.236111111,2,0,0,6,0,7,2,1,0,0,1,1,3,26,0,1,0,FALSO,10,1,27,42.88571477,0,0
00c76f58df29aa30b2c9be84bb21734d99d5b51f,3,3,3,1.666666667,1.333333333,1.5,2.25,0,0,0,0,0,0,2,0,0,0,1,1,3,39,0,0,0,FALSO,1,9,1,0,0,0
08a2b14e76956046cf40b167782dbcfca828d731,2,3.5,2,2,2,2,2.25,0,0,0,0,0,0,3,0,2,2,1,1,2,22,0,0,1,FALSO,1,4,3,0,0,0
b7715fca34121ad113fa7db11ea391b880b59646,1,2,2.333333333,2.666666667,3,2.5,2.25,0,0,0,0,0,0,2,0,5,5,1,1,4,38,0,0,1,FALSO,1,1,1,0,0,0
fd5f05a34f08d02bbfbf17c503b70c1e8341c0a2,2.5,2.25,2.666666667,2,2.333333333,1.75,2.25,0,0,0,0,0,0,4,0,1,0,1,1,2,17,0,1,0,FALSO,1,4,1,0,0,0
a3a02695bc3922511e6f6f5d9d999ccfbaadcecd,2.25,2.25,2.333333333,2,3,1.75,2.263888889,3,0,0,0,0,0,4,1,0,0,1,1,3,23,0,1,0,FALSO,4,4,5,0,0,0
f11a9271b43aaa44aa4a7ede885a642935e5950f,1.5,2.25,1.666666667,2.333333333,2.333333333,3.5,2.263888889,0,0,0,0,0,0,6,0,2,0,1,1,4,21,0,0,1,FALSO,1,1,1,0,0,0
86cb3db3fbbdbcc030924728a30d867e60a045f0,2.75,2.75,2,2.166666667,1.666666667,2.25,2.263888889,3,0,0,0,0,0,2,0,0,0,1,1,2,21,1,1,0,FALSO,10,1,2,0,0,0
c8ee36cde87a43040e4ffc08be9d50cc42657876,3,2.25,2.666666667,2.166666667,2,1.5,2.263888889,0,0,0,0,0,0,5,1,1,1,1,1,3,25,0,1,0,FALSO,1,2,1,0,0,0
d8c1b7755f73fc461794624f8567a0b08ed5a6be,1.75,2.5,3,2,2.666666667,1.75,2.277777778,4,0,0,0,0,0,4,1,5,5,0,0,3,47,0,0,1,FALSO,1,1,1,0,0,0
2f0353c04bf95969e9a969709778f9fddb84936a,2.25,2.25,2.666666667,2.333333333,2,2.25,2.291666667,1,0,0,0,0,0,3,1,1,0,1,1,4,32,0,0,1,FALSO,1,3,1,0,0,0
3c5821ee729f4acc4fc4d05b687cbdc9e9024711,0.75,1.5,3,2.666666667,3.333333333,2.5,2.291666667,0,0,0,0,0,0,7,1,0,0,1,1,3,24,0,0,1,FALSO,2,2,2,0,0,0
47004cb73c35377e28725153b1246bc1b182cfee,1.75,2.25,3,2.666666667,2.333333333,1.75,2.291666667,0,0,0,0,0,0,4,0,1,0,1,1,4,44,1,0,0,FALSO,1,3,1,0,0,0
ad5191e6eb82f3e5bfdeaa6a2e4d4fd9088af4a5,2,2.25,2.333333333,2.666666667,2,2.5,2.291666667,0,0,0,0,0,0,2,1,0,0,1,1,4,29,1,0,0,FALSO,1,2,1,0,0,0
be429002a945999304de312f0fb48c48f5a35ea1,2.5,3,2,1.833333333,1.666666667,2.75,2.291666667,0,0,0,4,0,0,5,0,0,0,1,1,2,19,0,1,0,FALSO,5,5,7,4.500000179,0,0
d885e7e2974e63bdea3789f6e44c9804869434bf,2,2.5,3,1.833333333,3,1.5,2.305555556,2,0,0,0,0,0,5,1,1,0,0,0,2,21,0,1,0,FALSO,3,6,8,0,0,0
e6f29edaf657f6ff01fde30a6405dc46ea3742a7,1,2.5,2.333333333,3,4,1,2.305555556,0,0,0,0,0,0,6,0,0,0,1,1,4,35,0,0,0,FALSO,2,1,2,0,0,0
79c094c7c45689c409428535666efecea5dda5b4,3,2.5,2.333333333,3.166666667,2.333333333,0.5,2.305555556,1,0,5,0,0,0,4,0,5,5,1,0,6,55,0,0,1,FALSO,2,2,2,5.999999866,0,0
c6b03a3d7b0cc09844a58555d2226300b1229a00,1.5,1.75,2.333333333,2.166666667,3.333333333,2.75,2.305555556,2,0,4,3,0,0,4,0,0,0,1,1,3,29,0,0,0,FALSO,5,2,10,25,0,0
0b5033a8334e5ac945703809e89a1de39e8f7e78,2,2.25,2,2.166666667,2.666666667,2.75,2.305555556,0,0,0,0,0,0,3,0,0,0,1,0,3,19,0,1,0,FALSO,6,2,6,0,0,0
49d8d3698b53dec2854e42b59b93f8a975b52f67,2,2.5,2.666666667,2,1.666666667,3,2.305555556,0,0,0,0,0,0,1,0,0,0,1,1,3,63,0,0,1,FALSO,1,10,1,0,0,0
5bd9a2c495d5c46396472451e986ff1d34c28e95,1.5,2.5,1.666666667,3.166666667,3,2,2.305555556,0,0,0,0,0,0,8,1,2,2,1,1,6,24,0,0,1,FALSO,1,6,2,0,0,0
0f994b9d96f2f151bb0591c248274c3c5dbd96a4,2,2,2.333333333,2.5,2.333333333,2.75,2.319444444,3,0,0,0,0,0,5,0,0,0,1,1,3,25,0,1,0,FALSO,1,1,2,0,0,0
e197af72b401022593de6cd4ecd811609899abbf,2,2,1.333333333,2.5,2.333333333,3.75,2.319444444,0,0,0,0,0,0,6,0,0,0,1,1,3,24,0,1,0,FALSO,2,1,5,0,0,0
4378f1e968c84f47cadbd81ce54a7e30ea4ba6db,1.5,2,3,2.333333333,2.333333333,2.75,2.319444444,0,0,0,3,0,0,4,1,0,0,1,1,4,23,0,1,0,FALSO,2,4,2,1.499999966,0,0
823ee438dba0c2cd872989c1360af78ee5ab11b2,2.5,1.75,2.666666667,2,3,2,2.319444444,6,0,0,4,0,0,2,1,2,0,1,1,4,20,0,1,0,FALSO,3,5,4,5.999999866,0,0
024fa8c265663447bc13acffbf2035030a99a0d6,2,1.75,3,1.833333333,2.666666667,2.75,2.333333333,0,0,0,0,0,0,4,0,0,0,1,1,4,,0,0,1,FALSO,1,5,1,0,0,0
a6fb1083a757aaa5b89c9d2520a0f52f498b8d06,2.25,2.25,2.333333333,2.166666667,3,2,2.333333333,0,0,0,0,0,0,5,0,0,0,1,1,4,21,0,1,0,FALSO,1,7,1,0,0,0
c886aeb25a3744437a65f12ba16550d8d5629950,2,2.5,2.333333333,2,2.666666667,2.5,2.333333333,0,0,4,0,0,0,4,1,0,0,1,1,2,22,0,1,0,FALSO,4,1,4,1.499999966,0,0
4b11541923a06a0ecd3e0775c89c59d8c687c9b5,2.75,2.75,3,2.166666667,2.333333333,1,2.333333333,3,0,0,0,0,0,3,0,0,0,1,1,5,21,0,1,0,FALSO,4,1,4,5.999999866,0,0
abfa671b032c4c1a74ffcfad3d77f1a6c361fe79,1,3,2.333333333,3,3.666666667,1,2.333333333,0,0,6,0,0,0,2,0,3,2,0,0,7,31,1,0,1,FALSO,5,3,6,16.28571451,0,0
de8add631892d910865d274fba16e50ecdbf25c4,2.25,3,1.666666667,2.666666667,1.666666667,2.75,2.333333333,4,0,0,0,0,0,2,1,0,0,1,1,2,21,1,1,0,FALSO,1,1,1,0,0,0
6c52bd8137a53405d70f7e4a5a0252a54cce0b33,2.75,2.25,2.333333333,2,2,2.75,2.347222222,0,0,0,0,0,0,5,0,6,2,1,1,7,40,0,0,1,FALSO,1,7,1,0,0,0
fcee756b50866a091330574bc1f1ea21016d67e8,1.75,2,2,2.5,2.333333333,3.5,2.347222222,0,0,0,0,0,0,4,1,0,0,1,1,4,27,1,1,0,FALSO,1,10,1,0,0,0
6de3cc8c2747f95a6772737002ddc4da745838f4,2.5,2.75,2.333333333,2.5,4,0,2.347222222,0,0,5,0,0,0,4,1,2,2,0,1,4,68,0,0,0,FALSO,3,1,4,2.999999933,0,0
a38259cefb42461f7de22fcb4a5da6a428673563,2.5,2,3,2,2.333333333,2.25,2.347222222,2,0,0,0,0,0,6,1,4,3,1,1,5,44,0,0,1,FALSO,1,7,1,23.28571379,0,0
ff246c2fc4941d8639cb36fb97c56006bea4094e,2.75,1.75,2,1.833333333,3,2.75,2.347222222,4,0,0,9,0,0,5,1,1,0,1,1,2,23,1,1,0,FALSO,10,1,24,49.14285839,0,0
57115a8da335293f184d4bd985f2f8f854f092a6,2.5,2.5,1.666666667,2,2.666666667,2.75,2.347222222,0,0,0,0,0,0,5,0,0,0,1,1,4,21,0,1,0,FALSO,1,2,2,0,0,0
d2a3e77c78907bf2d04654f4ad9d6e6deba30bf0,2,2,2.666666667,1.666666667,3,2.75,2.347222222,0,0,0,0,0,0,5,0,2,2,1,1,4,40,0,0,1,FALSO,5,6,11,5.999999866,0,0
64af3d3cbb744ffe09a0fe26958b6123beee3c06,3,2.25,2.666666667,2.166666667,3,1,2.347222222,3,0,0,7,0,0,3,1,3,3,1,1,5,50,0,0,1,FALSO,7,3,7,29.11428511,0,0
9f59a492b6fb12f02568dffa5d738d732b378ec9,1.25,2.25,2.666666667,2.5,3,2.5,2.361111111,0,0,4,0,0,0,4,1,2,2,1,1,3,46,0,0,1,FALSO,2,2,3,4.500000179,0,0
b032cd75569ec5c0cf9bd48b0d83ad3658389b57,3.25,2.5,2,2.666666667,2.333333333,1.5,2.375,0,0,0,0,0,0,4,0,0,0,1,1,3,23,0,1,0,FALSO,1,1,2,0,0,0
b2eb5af36a04a63a26d7098ca1d331c765b2217d,1,2.25,3,2.833333333,2.666666667,2.5,2.375,0,0,0,0,0,0,5,0,4,3,1,1,3,32,0,0,0,FALSO,2,2,2,0,0,0
168fd0fc02eda7077e7b8769671794a5659f2f12,2.5,2.75,3,2.666666667,2.333333333,1,2.375,0,0,0,3,0,0,5,0,3,3,1,1,2,19,1,1,0,FALSO,6,10,11,5.999999866,0,0
b34f5ecb750f608b391b203e0c266f7a318480cd,2.5,2.75,3,2.833333333,2.666666667,0.5,2.375,3,0,5,0,0,0,4,1,2,0,1,1,3,26,0,1,0,FALSO,2,1,3,11.14285737,0,0
550f0db57a07750187065eab3b1bd6af507b31fd,2.5,2.25,2.666666667,2.333333333,3,1.5,2.375,0,0,9,0,0,0,5,1,0,0,1,1,5,24,0,1,0,FALSO,1,3,1,21.8095243,0,0
8e4f9476ad20e8dcc77605d53f8e6d5d686cff24,1.5,1.75,3.333333333,2.166666667,3,2.5,2.375,0,0,0,13,0,0,1,1,0,0,1,1,2,18,0,1,0,FALSO,2,2,2,44.50952411,0,0
6701a17de27dbc4c8916df48159aab27759cca94,1.75,2.5,2.666666667,2.166666667,2.666666667,2.5,2.375,3,0,0,0,0,0,3,1,0,0,1,1,4,22,0,1,0,FALSO,1,2,1,0,0,0
add19fd867d6163a24214dfcf22b884a32f33fdd,1.75,2.25,2.666666667,2.666666667,3.666666667,1.25,2.375,0,0,0,0,0,0,5,1,2,1,1,1,5,25,0,0,1,FALSO,2,4,2,0,0,0
a118b625d8118ed01fedd1ff5620170b3248b706,2.75,2.25,2.333333333,2.166666667,2.333333333,2.5,2.388888889,0,0,0,0,0,0,4,1,1,1,1,1,3,23,1,1,0,FALSO,1,5,1,0,0,0
3681994b619b6510b1b36eafc349c24d06688a8a,2,2.5,3,2.833333333,3,1,2.388888889,0,0,0,0,5,0,2,0,0,0,1,1,3,28,0,1,0,FALSO,3,1,4,2.999999933,0,0
a22805d93aba2676791ada610349ff9781cf34fc,2.75,2.25,3,2.333333333,3,1,2.388888889,3,0,6,0,0,0,5,1,0,0,1,1,3,19,0,1,0,FALSO,2,2,2,5.999999866,0,0
7305de5b5258885f3436905e881ffd6f0cfe5dec,2,2.75,3,2.333333333,2,2.25,2.388888889,6,0,5,0,0,0,6,0,2,2,1,1,5,45,0,0,1,FALSO,5,71,6,25,0,0
c4a1e0288adfddefa29067d2c06bcaf4540c5ee2,2,2.75,2.333333333,2.5,2.333333333,2.5,2.402777778,0,0,6,0,0,0,2,1,0,0,1,1,3,23,0,0,0,FALSO,1,16,1,5.999999866,0,0
29177ba0f6c24b3002b5a57fe6f8091483cd6a3b,2,2.5,1.666666667,2.5,4,1.75,2.402777778,0,0,0,0,0,0,4,1,4,2,0,1,4,40,0,0,1,FALSO,1,9,1,0,0,0
528311b4f394ca83256e67401430e2e954af9948,2.75,2.5,2,2.5,2.666666667,2,2.402777778,0,0,0,0,0,0,6,0,0,0,1,1,1,16,0,1,0,FALSO,2,14,1,0,0,0
d5d87636f78b4013e99a08af87c3fc8032460800,2.25,2.5,3,2.166666667,2,2.5,2.402777778,0,0,0,0,0,0,6,0,0,0,1,1,3,32,0,1,0,FALSO,1,11,5,2.999999933,0,0
a58909bafa60009555631d7448bd592299c0366f,3.25,2.5,2.666666667,2.833333333,1.666666667,1.5,2.402777778,0,0,4,0,0,0,3,0,0,0,1,1,4,27,1,0,0,FALSO,3,10,6,5.999999866,0,0
0f3a8b0c1d27b1d575394035421a00b2568ddafd,2,2.25,2.666666667,2.666666667,2.333333333,2.5,2.402777778,0,0,5,3,0,0,3,0,4,4,1,1,6,40,0,0,1,FALSO,6,10,7,13.71428519,0,0
5de7a4d6f13680b768d3361d36dc8097adf155a9,2.25,2.25,2.333333333,3.333333333,3.333333333,1,2.416666667,0,0,0,0,0,0,2,1,2,1,1,0,4,32,0,0,1,FALSO,1,6,1,0,0,0
23c49dfe9a7001268560b3c2201b31c64fe22b93,2.5,1.5,3,2.333333333,2.666666667,2.5,2.416666667,0,0,0,0,0,0,4,1,0,0,0,1,5,23,0,0,0,FALSO,1,5,1,0,0,0
b8e5110039275a6635b20e0b5c8e07b9640ec7e1,2.25,1.75,3,2.333333333,2.666666667,2.5,2.416666667,4,0,0,0,0,0,2,0,2,2,1,1,5,27,1,0,1,FALSO,6,10,7,0,0,0
d43e8a82293c0c2c805235c19e693f25565ed260,1.25,2.75,2.666666667,2.333333333,3,2.5,2.416666667,5,0,0,0,0,0,3,0,4,3,1,1,4,37,0,0,1,FALSO,1,10,1,0,0,0
4fcf737f63cb9367ad30d16d680fce1c3a5ab712,3,3,2.333333333,2.166666667,3,1,2.416666667,0,0,0,0,0,0,6,1,7,7,1,1,5,49,0,0,1,FALSO,2,15,2,3.857142851,0,0
